lat,long,size
48.0483987570829,11.3871695690767,0
48.0483987570829,11.393888988635,0
48.0483987570829,11.4006084079889,0
48.0483987570829,11.4073278270361,0
48.0483987570829,11.4140472456745,0
48.0483987570829,11.4207666638018,0
48.0483987570829,11.4274860813159,0
48.0483987570829,11.4342054981145,0
48.0483987570829,11.4409249140954,0
48.0483987570829,11.4476443291564,0
48.0483987570829,11.4543637431953,0
48.0483987570829,11.4610831561099,1
48.0483987570829,11.467802567798,0
48.0483987570829,11.4745219781573,0
48.0483987570829,11.4812413870858,0
48.0483987570829,11.487960794481,0
48.0483987570829,11.4946802002409,0
48.0483987570829,11.5013996042633,0
48.0483987570829,11.5081190064458,0
48.0483987570829,11.5148384066864,1
48.0483987570829,11.5215578048828,0
48.0483987570829,11.5282772009328,1
48.0483987570829,11.5349965947342,0
48.0483987570829,11.5417159861847,0
48.0483987570829,11.5484353751823,0
48.0483987570829,11.5551547616246,0
48.0483987570829,11.5618741454094,0
48.0483987570829,11.5685935264347,0
48.0483987570829,11.575312904598,0
48.0483987570829,11.5820322797974,0
48.0483987570829,11.5887516519304,0
48.0483987570829,11.595471020895,0
48.0483987570829,11.602190386589,0
48.0483987570829,11.60890974891,0
48.0483987570829,11.615629107756,0
48.0483987570829,11.6223484630247,0
48.0483987570829,11.6290678146139,0
48.0483987570829,11.6357871624215,0
48.0483987570829,11.6425065063451,1
48.0483987570829,11.6492258462827,0
48.0483987570829,11.6559451821319,0
48.0483987570829,11.6626645137907,0
48.0483987570829,11.6693838411568,0
48.0483987570829,11.676103164128,0
48.0483987570829,11.6828224826021,0
48.0483987570829,11.6895417964769,0
48.0483987570829,11.6962611056502,0
48.0483987570829,11.7029804100199,0
48.0483987570829,11.7096997094836,0
48.0483987570829,11.7164190039393,0
48.0483987570829,11.7231382932847,0
48.0483987570829,11.7298575774177,0
48.0483987570829,11.7365768562359,0
48.0483987570829,11.7432961296373,0
48.0483987570829,11.7500153975197,0
48.0483987570829,11.7567346597808,0
48.0483987570829,11.7634539163185,0
48.052891294454,11.3871698622209,0
48.052891294454,11.3938892817791,0
48.052891294454,11.400608701133,0
48.052891294454,11.4073281201802,0
48.052891294454,11.4140475388186,0
48.052891294454,11.4207669569459,0
48.052891294454,11.42748637446,0
48.052891294454,11.4342057912586,0
48.052891294454,11.4409252072395,0
48.052891294454,11.4476446223005,0
48.052891294454,11.4543640363395,0
48.052891294454,11.4610834492541,0
48.052891294454,11.4678028609421,0
48.052891294454,11.4745222713015,0
48.052891294454,11.4812416802299,0
48.052891294454,11.4879610876252,0
48.052891294454,11.4946804933851,0
48.052891294454,11.5013998974074,0
48.052891294454,11.50811929959,0
48.052891294454,11.5148386998306,0
48.052891294454,11.5215580980269,0
48.052891294454,11.5282774940769,0
48.052891294454,11.5349968878783,0
48.052891294454,11.5417162793289,0
48.052891294454,11.5484356683264,0
48.052891294454,11.5551550547687,0
48.052891294454,11.5618744385536,0
48.052891294454,11.5685938195788,0
48.052891294454,11.5753131977422,0
48.052891294454,11.5820325729415,0
48.052891294454,11.5887519450746,0
48.052891294454,11.5954713140392,4
48.052891294454,11.6021906797331,4
48.052891294454,11.6089100420542,2
48.052891294454,11.6156294009002,0
48.052891294454,11.6223487561689,0
48.052891294454,11.6290681077581,0
48.052891294454,11.6357874555656,0
48.052891294454,11.6425067994893,0
48.052891294454,11.6492261394268,0
48.052891294454,11.6559454752761,0
48.052891294454,11.6626648069349,0
48.052891294454,11.6693841343009,0
48.052891294454,11.6761034572721,0
48.052891294454,11.6828227757462,0
48.052891294454,11.6895420896211,0
48.052891294454,11.6962613987944,0
48.052891294454,11.702980703164,0
48.052891294454,11.7097000026278,0
48.052891294454,11.7164192970835,0
48.052891294454,11.7231385864289,0
48.052891294454,11.7298578705618,0
48.052891294454,11.7365771493801,0
48.052891294454,11.7432964227815,0
48.052891294454,11.7500156906639,0
48.052891294454,11.756734952925,0
48.052891294454,11.7634542094626,0
48.0573838318252,11.3871701554368,0
48.0573838318252,11.3938895749951,0
48.0573838318252,11.400608994349,0
48.0573838318252,11.4073284133962,0
48.0573838318252,11.4140478320346,0
48.0573838318252,11.4207672501619,0
48.0573838318252,11.427486667676,0
48.0573838318252,11.4342060844746,0
48.0573838318252,11.4409255004555,0
48.0573838318252,11.4476449155165,0
48.0573838318252,11.4543643295554,0
48.0573838318252,11.46108374247,0
48.0573838318252,11.4678031541581,0
48.0573838318252,11.4745225645175,0
48.0573838318252,11.4812419734459,0
48.0573838318252,11.4879613808411,0
48.0573838318252,11.494680786601,0
48.0573838318252,11.5014001906234,0
48.0573838318252,11.5081195928059,0
48.0573838318252,11.5148389930465,12
48.0573838318252,11.5215583912429,2
48.0573838318252,11.5282777872929,0
48.0573838318252,11.5349971810943,0
48.0573838318252,11.5417165725448,0
48.0573838318252,11.5484359615424,0
48.0573838318252,11.5551553479847,0
48.0573838318252,11.5618747317695,0
48.0573838318252,11.5685941127948,0
48.0573838318252,11.5753134909581,0
48.0573838318252,11.5820328661575,0
48.0573838318252,11.5887522382905,0
48.0573838318252,11.5954716072551,0
48.0573838318252,11.6021909729491,7
48.0573838318252,11.6089103352701,11
48.0573838318252,11.6156296941161,0
48.0573838318252,11.6223490493848,0
48.0573838318252,11.629068400974,0
48.0573838318252,11.6357877487816,0
48.0573838318252,11.6425070927052,0
48.0573838318252,11.6492264326428,1
48.0573838318252,11.655945768492,0
48.0573838318252,11.6626651001508,0
48.0573838318252,11.6693844275169,0
48.0573838318252,11.6761037504881,0
48.0573838318252,11.6828230689622,0
48.0573838318252,11.689542382837,0
48.0573838318252,11.6962616920103,0
48.0573838318252,11.70298099638,1
48.0573838318252,11.7097002958437,0
48.0573838318252,11.7164195902994,0
48.0573838318252,11.7231388796448,0
48.0573838318252,11.7298581637778,0
48.0573838318252,11.736577442596,0
48.0573838318252,11.7432967159975,0
48.0573838318252,11.7500159838798,0
48.0573838318252,11.7567352461409,0
48.0573838318252,11.7634545026786,0
48.0618763691964,11.3871704487246,0
48.0618763691964,11.3938898682829,0
48.0618763691964,11.4006092876368,0
48.0618763691964,11.407328706684,1
48.0618763691964,11.4140481253224,0
48.0618763691964,11.4207675434497,0
48.0618763691964,11.4274869609638,0
48.0618763691964,11.4342063777624,0
48.0618763691964,11.4409257937433,0
48.0618763691964,11.4476452088043,0
48.0618763691964,11.4543646228432,0
48.0618763691964,11.4610840357578,0
48.0618763691964,11.4678034474459,0
48.0618763691964,11.4745228578053,0
48.0618763691964,11.4812422667337,0
48.0618763691964,11.487961674129,0
48.0618763691964,11.4946810798889,0
48.0618763691964,11.5014004839112,9
48.0618763691964,11.5081198860938,0
48.0618763691964,11.5148392863343,0
48.0618763691964,11.5215586845307,0
48.0618763691964,11.5282780805807,0
48.0618763691964,11.5349974743821,1
48.0618763691964,11.5417168658326,1
48.0618763691964,11.5484362548302,0
48.0618763691964,11.5551556412725,0
48.0618763691964,11.5618750250574,0
48.0618763691964,11.5685944060826,0
48.0618763691964,11.575313784246,0
48.0618763691964,11.5820331594453,0
48.0618763691964,11.5887525315784,0
48.0618763691964,11.595471900543,0
48.0618763691964,11.6021912662369,0
48.0618763691964,11.608910628558,0
48.0618763691964,11.6156299874039,0
48.0618763691964,11.6223493426726,0
48.0618763691964,11.6290686942619,3
48.0618763691964,11.6357880420694,0
48.0618763691964,11.642507385993,0
48.0618763691964,11.6492267259306,0
48.0618763691964,11.6559460617799,0
48.0618763691964,11.6626653934386,2
48.0618763691964,11.6693847208047,2
48.0618763691964,11.6761040437759,1
48.0618763691964,11.68282336225,0
48.0618763691964,11.6895426761248,0
48.0618763691964,11.6962619852982,0
48.0618763691964,11.7029812896678,0
48.0618763691964,11.7097005891316,3
48.0618763691964,11.7164198835872,0
48.0618763691964,11.7231391729326,0
48.0618763691964,11.7298584570656,0
48.0618763691964,11.7365777358839,0
48.0618763691964,11.7432970092853,0
48.0618763691964,11.7500162771676,0
48.0618763691964,11.7567355394287,0
48.0618763691964,11.7634547959664,0
48.0663689065676,11.3871707420843,0
48.0663689065676,11.3938901616426,0
48.0663689065676,11.4006095809964,0
48.0663689065676,11.4073290000437,0
48.0663689065676,11.414048418682,0
48.0663689065676,11.4207678368094,0
48.0663689065676,11.4274872543234,0
48.0663689065676,11.434206671122,0
48.0663689065676,11.440926087103,0
48.0663689065676,11.447645502164,0
48.0663689065676,11.4543649162029,0
48.0663689065676,11.4610843291175,0
48.0663689065676,11.4678037408056,0
48.0663689065676,11.4745231511649,1
48.0663689065676,11.4812425600933,0
48.0663689065676,11.4879619674886,0
48.0663689065676,11.4946813732485,0
48.0663689065676,11.5014007772709,0
48.0663689065676,11.5081201794534,0
48.0663689065676,11.514839579694,0
48.0663689065676,11.5215589778904,0
48.0663689065676,11.5282783739404,1
48.0663689065676,11.5349977677417,0
48.0663689065676,11.5417171591923,3
48.0663689065676,11.5484365481898,1
48.0663689065676,11.5551559346321,1
48.0663689065676,11.561875318417,0
48.0663689065676,11.5685946994422,0
48.0663689065676,11.5753140776056,0
48.0663689065676,11.5820334528049,0
48.0663689065676,11.588752824938,0
48.0663689065676,11.5954721939026,0
48.0663689065676,11.6021915595966,0
48.0663689065676,11.6089109219176,0
48.0663689065676,11.6156302807636,0
48.0663689065676,11.6223496360323,1
48.0663689065676,11.6290689876215,0
48.0663689065676,11.6357883354291,0
48.0663689065676,11.6425076793527,0
48.0663689065676,11.6492270192903,0
48.0663689065676,11.6559463551395,0
48.0663689065676,11.6626656867983,1
48.0663689065676,11.6693850141644,0
48.0663689065676,11.6761043371356,0
48.0663689065676,11.6828236556097,0
48.0663689065676,11.6895429694845,5
48.0663689065676,11.6962622786578,0
48.0663689065676,11.7029815830275,0
48.0663689065676,11.7097008824912,0
48.0663689065676,11.7164201769469,0
48.0663689065676,11.7231394662923,0
48.0663689065676,11.7298587504252,0
48.0663689065676,11.7365780292435,0
48.0663689065676,11.7432973026449,0
48.0663689065676,11.7500165705273,0
48.0663689065676,11.7567358327884,0
48.0663689065676,11.7634550893261,0
48.0708614439388,11.3871710355159,3
48.0708614439388,11.3938904550741,0
48.0708614439388,11.400609874428,0
48.0708614439388,11.4073292934752,0
48.0708614439388,11.4140487121136,0
48.0708614439388,11.4207681302409,0
48.0708614439388,11.427487547755,0
48.0708614439388,11.4342069645536,0
48.0708614439388,11.4409263805345,0
48.0708614439388,11.4476457955955,0
48.0708614439388,11.4543652096344,0
48.0708614439388,11.4610846225491,0
48.0708614439388,11.4678040342371,0
48.0708614439388,11.4745234445965,0
48.0708614439388,11.4812428535249,0
48.0708614439388,11.4879622609202,0
48.0708614439388,11.4946816666801,0
48.0708614439388,11.5014010707024,0
48.0708614439388,11.508120472885,0
48.0708614439388,11.5148398731255,2
48.0708614439388,11.5215592713219,0
48.0708614439388,11.5282786673719,0
48.0708614439388,11.5349980611733,0
48.0708614439388,11.5417174526239,0
48.0708614439388,11.5484368416214,0
48.0708614439388,11.5551562280637,0
48.0708614439388,11.5618756118486,0
48.0708614439388,11.5685949928738,0
48.0708614439388,11.5753143710372,0
48.0708614439388,11.5820337462365,0
48.0708614439388,11.5887531183696,0
48.0708614439388,11.5954724873342,0
48.0708614439388,11.6021918530281,0
48.0708614439388,11.6089112153492,12
48.0708614439388,11.6156305741951,0
48.0708614439388,11.6223499294638,16
48.0708614439388,11.6290692810531,0
48.0708614439388,11.6357886288606,0
48.0708614439388,11.6425079727843,0
48.0708614439388,11.6492273127218,0
48.0708614439388,11.6559466485711,6
48.0708614439388,11.6626659802299,0
48.0708614439388,11.6693853075959,0
48.0708614439388,11.6761046305671,0
48.0708614439388,11.6828239490412,1
48.0708614439388,11.689543262916,0
48.0708614439388,11.6962625720894,0
48.0708614439388,11.702981876459,0
48.0708614439388,11.7097011759228,0
48.0708614439388,11.7164204703785,1
48.0708614439388,11.7231397597239,0
48.0708614439388,11.7298590438568,0
48.0708614439388,11.7365783226751,0
48.0708614439388,11.7432975960765,0
48.0708614439388,11.7500168639588,0
48.0708614439388,11.75673612622,0
48.0708614439388,11.7634553827576,0
48.07535398131,11.3871713290193,0
48.07535398131,11.3938907485776,0
48.07535398131,11.4006101679315,0
48.07535398131,11.4073295869787,0
48.07535398131,11.4140490056171,0
48.07535398131,11.4207684237444,0
48.07535398131,11.4274878412585,0
48.07535398131,11.4342072580571,0
48.07535398131,11.440926674038,0
48.07535398131,11.447646089099,0
48.07535398131,11.4543655031379,0
48.07535398131,11.4610849160525,0
48.07535398131,11.4678043277406,0
48.07535398131,11.4745237381,0
48.07535398131,11.4812431470284,0
48.07535398131,11.4879625544236,0
48.07535398131,11.4946819601835,0
48.07535398131,11.5014013642059,0
48.07535398131,11.5081207663884,0
48.07535398131,11.514840166629,0
48.07535398131,11.5215595648254,0
48.07535398131,11.5282789608754,2
48.07535398131,11.5349983546768,0
48.07535398131,11.5417177461273,1
48.07535398131,11.5484371351249,2
48.07535398131,11.5551565215672,0
48.07535398131,11.561875905352,0
48.07535398131,11.5685952863773,0
48.07535398131,11.5753146645406,0
48.07535398131,11.58203403974,0
48.07535398131,11.588753411873,0
48.07535398131,11.5954727808376,0
48.07535398131,11.6021921465316,0
48.07535398131,11.6089115088526,0
48.07535398131,11.6156308676986,0
48.07535398131,11.6223502229673,0
48.07535398131,11.6290695745565,0
48.07535398131,11.6357889223641,0
48.07535398131,11.6425082662877,0
48.07535398131,11.6492276062253,0
48.07535398131,11.6559469420745,1
48.07535398131,11.6626662737333,0
48.07535398131,11.6693856010994,0
48.07535398131,11.6761049240706,0
48.07535398131,11.6828242425447,0
48.07535398131,11.6895435564195,0
48.07535398131,11.6962628655928,0
48.07535398131,11.7029821699625,0
48.07535398131,11.7097014694262,0
48.07535398131,11.7164207638819,2
48.07535398131,11.7231400532273,0
48.07535398131,11.7298593373603,0
48.07535398131,11.7365786161785,0
48.07535398131,11.7432978895799,0
48.07535398131,11.7500171574623,0
48.07535398131,11.7567364197234,0
48.07535398131,11.7634556762611,0
48.0798465186812,11.3871716225947,0
48.0798465186812,11.393891042153,1
48.0798465186812,11.4006104615068,0
48.0798465186812,11.4073298805541,0
48.0798465186812,11.4140492991924,0
48.0798465186812,11.4207687173198,0
48.0798465186812,11.4274881348338,0
48.0798465186812,11.4342075516324,0
48.0798465186812,11.4409269676133,0
48.0798465186812,11.4476463826744,0
48.0798465186812,11.4543657967133,0
48.0798465186812,11.4610852096279,0
48.0798465186812,11.467804621316,0
48.0798465186812,11.4745240316753,0
48.0798465186812,11.4812434406037,0
48.0798465186812,11.487962847999,2
48.0798465186812,11.4946822537589,0
48.0798465186812,11.5014016577813,4
48.0798465186812,11.5081210599638,1
48.0798465186812,11.5148404602044,17
48.0798465186812,11.5215598584008,0
48.0798465186812,11.5282792544508,1
48.0798465186812,11.5349986482521,0
48.0798465186812,11.5417180397027,0
48.0798465186812,11.5484374287002,0
48.0798465186812,11.5551568151425,0
48.0798465186812,11.5618761989274,0
48.0798465186812,11.5685955799526,0
48.0798465186812,11.575314958116,0
48.0798465186812,11.5820343333153,0
48.0798465186812,11.5887537054484,0
48.0798465186812,11.595473074413,0
48.0798465186812,11.6021924401069,0
48.0798465186812,11.608911802428,0
48.0798465186812,11.615631161274,1
48.0798465186812,11.6223505165427,0
48.0798465186812,11.6290698681319,0
48.0798465186812,11.6357892159394,2
48.0798465186812,11.6425085598631,0
48.0798465186812,11.6492278998006,1
48.0798465186812,11.6559472356499,0
48.0798465186812,11.6626665673087,1
48.0798465186812,11.6693858946748,26
48.0798465186812,11.676105217646,0
48.0798465186812,11.6828245361201,0
48.0798465186812,11.6895438499949,0
48.0798465186812,11.6962631591682,1
48.0798465186812,11.7029824635379,0
48.0798465186812,11.7097017630016,0
48.0798465186812,11.7164210574573,0
48.0798465186812,11.7231403468027,0
48.0798465186812,11.7298596309356,0
48.0798465186812,11.7365789097539,0
48.0798465186812,11.7432981831553,0
48.0798465186812,11.7500174510377,0
48.0798465186812,11.7567367132988,0
48.0798465186812,11.7634559698365,0
48.0843390560524,11.387171916242,0
48.0843390560524,11.3938913358003,0
48.0843390560524,11.4006107551542,0
48.0843390560524,11.4073301742014,0
48.0843390560524,11.4140495928398,0
48.0843390560524,11.4207690109671,0
48.0843390560524,11.4274884284812,0
48.0843390560524,11.4342078452798,0
48.0843390560524,11.4409272612607,0
48.0843390560524,11.4476466763217,0
48.0843390560524,11.4543660903606,0
48.0843390560524,11.4610855032752,0
48.0843390560524,11.4678049149633,0
48.0843390560524,11.4745243253227,0
48.0843390560524,11.4812437342511,0
48.0843390560524,11.4879631416464,0
48.0843390560524,11.4946825474063,1
48.0843390560524,11.5014019514286,1
48.0843390560524,11.5081213536112,12
48.0843390560524,11.5148407538517,2
48.0843390560524,11.5215601520481,0
48.0843390560524,11.5282795480981,0
48.0843390560524,11.5349989418995,1
48.0843390560524,11.54171833335,1
48.0843390560524,11.5484377223476,1
48.0843390560524,11.5551571087899,0
48.0843390560524,11.5618764925748,0
48.0843390560524,11.5685958736,0
48.0843390560524,11.5753152517634,0
48.0843390560524,11.5820346269627,0
48.0843390560524,11.5887539990958,0
48.0843390560524,11.5954733680604,0
48.0843390560524,11.6021927337543,0
48.0843390560524,11.6089120960754,0
48.0843390560524,11.6156314549213,0
48.0843390560524,11.62235081019,0
48.0843390560524,11.6290701617793,0
48.0843390560524,11.6357895095868,0
48.0843390560524,11.6425088535104,0
48.0843390560524,11.649228193448,1
48.0843390560524,11.6559475292973,0
48.0843390560524,11.662666860956,21
48.0843390560524,11.6693861883221,0
48.0843390560524,11.6761055112933,0
48.0843390560524,11.6828248297674,0
48.0843390560524,11.6895441436422,0
48.0843390560524,11.6962634528156,2
48.0843390560524,11.7029827571852,0
48.0843390560524,11.709702056649,2
48.0843390560524,11.7164213511046,0
48.0843390560524,11.72314064045,0
48.0843390560524,11.729859924583,0
48.0843390560524,11.7365792034013,0
48.0843390560524,11.7432984768027,0
48.0843390560524,11.750017744685,0
48.0843390560524,11.7567370069461,0
48.0843390560524,11.7634562634838,0
48.0888315934235,11.3871722099614,0
48.0888315934235,11.3938916295196,0
48.0888315934235,11.4006110488735,0
48.0888315934235,11.4073304679207,0
48.0888315934235,11.4140498865591,0
48.0888315934235,11.4207693046864,0
48.0888315934235,11.4274887222005,0
48.0888315934235,11.4342081389991,0
48.0888315934235,11.44092755498,0
48.0888315934235,11.447646970041,0
48.0888315934235,11.4543663840799,0
48.0888315934235,11.4610857969945,0
48.0888315934235,11.4678052086826,0
48.0888315934235,11.474524619042,0
48.0888315934235,11.4812440279704,1
48.0888315934235,11.4879634353657,1
48.0888315934235,11.4946828411256,0
48.0888315934235,11.5014022451479,2
48.0888315934235,11.5081216473305,0
48.0888315934235,11.514841047571,0
48.0888315934235,11.5215604457674,0
48.0888315934235,11.5282798418174,0
48.0888315934235,11.5349992356188,0
48.0888315934235,11.5417186270693,1
48.0888315934235,11.5484380160669,0
48.0888315934235,11.5551574025092,0
48.0888315934235,11.5618767862941,1
48.0888315934235,11.5685961673193,1
48.0888315934235,11.5753155454827,0
48.0888315934235,11.582034920682,0
48.0888315934235,11.5887542928151,0
48.0888315934235,11.5954736617797,0
48.0888315934235,11.6021930274736,0
48.0888315934235,11.6089123897947,0
48.0888315934235,11.6156317486406,1
48.0888315934235,11.6223511039093,1
48.0888315934235,11.6290704554986,1
48.0888315934235,11.6357898033061,0
48.0888315934235,11.6425091472297,5
48.0888315934235,11.6492284871673,0
48.0888315934235,11.6559478230166,2
48.0888315934235,11.6626671546753,0
48.0888315934235,11.6693864820414,0
48.0888315934235,11.6761058050126,0
48.0888315934235,11.6828251234867,0
48.0888315934235,11.6895444373615,0
48.0888315934235,11.6962637465349,0
48.0888315934235,11.7029830509045,0
48.0888315934235,11.7097023503683,0
48.0888315934235,11.7164216448239,0
48.0888315934235,11.7231409341694,0
48.0888315934235,11.7298602183023,0
48.0888315934235,11.7365794971206,0
48.0888315934235,11.743298770522,0
48.0888315934235,11.7500180384043,0
48.0888315934235,11.7567373006655,0
48.0888315934235,11.7634565572031,0
48.0933241307947,11.3871725037527,0
48.0933241307947,11.3938919233109,0
48.0933241307947,11.4006113426648,0
48.0933241307947,11.407330761712,0
48.0933241307947,11.4140501803504,0
48.0933241307947,11.4207695984777,0
48.0933241307947,11.4274890159918,0
48.0933241307947,11.4342084327904,0
48.0933241307947,11.4409278487713,0
48.0933241307947,11.4476472638323,0
48.0933241307947,11.4543666778712,0
48.0933241307947,11.4610860907859,0
48.0933241307947,11.4678055024739,0
48.0933241307947,11.4745249128333,0
48.0933241307947,11.4812443217617,1
48.0933241307947,11.487963729157,0
48.0933241307947,11.4946831349169,6
48.0933241307947,11.5014025389392,0
48.0933241307947,11.5081219411218,0
48.0933241307947,11.5148413413623,0
48.0933241307947,11.5215607395587,0
48.0933241307947,11.5282801356087,1
48.0933241307947,11.5349995294101,1
48.0933241307947,11.5417189208607,1
48.0933241307947,11.5484383098582,0
48.0933241307947,11.5551576963005,3
48.0933241307947,11.5618770800854,0
48.0933241307947,11.5685964611106,0
48.0933241307947,11.575315839274,0
48.0933241307947,11.5820352144733,0
48.0933241307947,11.5887545866064,0
48.0933241307947,11.595473955571,0
48.0933241307947,11.6021933212649,0
48.0933241307947,11.608912683586,0
48.0933241307947,11.6156320424319,6
48.0933241307947,11.6223513977007,0
48.0933241307947,11.6290707492899,1
48.0933241307947,11.6357900970974,1
48.0933241307947,11.6425094410211,2
48.0933241307947,11.6492287809586,5
48.0933241307947,11.6559481168079,0
48.0933241307947,11.6626674484667,0
48.0933241307947,11.6693867758327,0
48.0933241307947,11.6761060988039,0
48.0933241307947,11.682825417278,0
48.0933241307947,11.6895447311529,0
48.0933241307947,11.6962640403262,0
48.0933241307947,11.7029833446958,0
48.0933241307947,11.7097026441596,0
48.0933241307947,11.7164219386153,0
48.0933241307947,11.7231412279607,0
48.0933241307947,11.7298605120936,0
48.0933241307947,11.7365797909119,0
48.0933241307947,11.7432990643133,0
48.0933241307947,11.7500183321956,0
48.0933241307947,11.7567375944568,0
48.0933241307947,11.7634568509944,0
48.0978166681659,11.387172797616,0
48.0978166681659,11.3938922171743,0
48.0978166681659,11.4006116365281,0
48.0978166681659,11.4073310555753,1
48.0978166681659,11.4140504742137,14
48.0978166681659,11.4207698923411,0
48.0978166681659,11.4274893098551,0
48.0978166681659,11.4342087266537,0
48.0978166681659,11.4409281426346,0
48.0978166681659,11.4476475576957,0
48.0978166681659,11.4543669717346,0
48.0978166681659,11.4610863846492,0
48.0978166681659,11.4678057963373,0
48.0978166681659,11.4745252066966,0
48.0978166681659,11.481244615625,0
48.0978166681659,11.4879640230203,0
48.0978166681659,11.4946834287802,0
48.0978166681659,11.5014028328025,0
48.0978166681659,11.5081222349851,0
48.0978166681659,11.5148416352257,4
48.0978166681659,11.5215610334221,3
48.0978166681659,11.528280429472,1
48.0978166681659,11.5349998232734,11
48.0978166681659,11.541719214724,1
48.0978166681659,11.5484386037215,2
48.0978166681659,11.5551579901638,4
48.0978166681659,11.5618773739487,0
48.0978166681659,11.5685967549739,0
48.0978166681659,11.5753161331373,0
48.0978166681659,11.5820355083366,2
48.0978166681659,11.5887548804697,5
48.0978166681659,11.5954742494343,0
48.0978166681659,11.6021936151282,0
48.0978166681659,11.6089129774493,0
48.0978166681659,11.6156323362953,0
48.0978166681659,11.622351691564,0
48.0978166681659,11.6290710431532,1
48.0978166681659,11.6357903909607,0
48.0978166681659,11.6425097348844,3
48.0978166681659,11.6492290748219,21
48.0978166681659,11.6559484106712,1
48.0978166681659,11.66266774233,0
48.0978166681659,11.6693870696961,0
48.0978166681659,11.6761063926673,0
48.0978166681659,11.6828257111414,0
48.0978166681659,11.6895450250162,0
48.0978166681659,11.6962643341895,0
48.0978166681659,11.7029836385591,0
48.0978166681659,11.7097029380229,0
48.0978166681659,11.7164222324786,0
48.0978166681659,11.723141521824,0
48.0978166681659,11.7298608059569,0
48.0978166681659,11.7365800847752,0
48.0978166681659,11.7432993581766,0
48.0978166681659,11.750018626059,0
48.0978166681659,11.7567378883201,0
48.0978166681659,11.7634571448578,0
48.1023092055371,11.3871730915514,0
48.102309205537,11.3938925111096,0
48.1023092055371,11.4006119304635,0
48.1023092055371,11.4073313495107,1
48.1023092055371,11.4140507681491,4
48.1023092055371,11.4207701862764,5
48.1023092055371,11.4274896037905,19
48.1023092055371,11.4342090205891,0
48.1023092055371,11.44092843657,0
48.1023092055371,11.447647851631,0
48.102309205537,11.4543672656699,0
48.1023092055371,11.4610866785846,0
48.1023092055371,11.4678060902726,0
48.1023092055371,11.474525500632,0
48.1023092055371,11.4812449095604,0
48.1023092055371,11.4879643169557,0
48.102309205537,11.4946837227156,0
48.1023092055371,11.5014031267379,0
48.102309205537,11.5081225289205,0
48.1023092055371,11.514841929161,0
48.102309205537,11.5215613273574,1
48.1023092055371,11.5282807234074,1
48.1023092055371,11.5350001172088,0
48.1023092055371,11.5417195086593,5
48.102309205537,11.5484388976569,2
48.102309205537,11.5551582840992,0
48.1023092055371,11.5618776678841,0
48.1023092055371,11.5685970489093,1
48.1023092055371,11.5753164270727,1
48.1023092055371,11.582035802272,0
48.1023092055371,11.5887551744051,5
48.1023092055371,11.5954745433697,3
48.102309205537,11.6021939090636,0
48.1023092055371,11.6089132713847,0
48.1023092055371,11.6156326302306,0
48.1023092055371,11.6223519854993,0
48.102309205537,11.6290713370886,1
48.1023092055371,11.6357906848961,2
48.1023092055371,11.6425100288197,14
48.1023092055371,11.6492293687573,9
48.102309205537,11.6559487046066,2
48.1023092055371,11.6626680362654,0
48.1023092055371,11.6693873636314,0
48.1023092055371,11.6761066866026,0
48.1023092055371,11.6828260050767,0
48.102309205537,11.6895453189515,0
48.1023092055371,11.6962646281249,0
48.1023092055371,11.7029839324945,0
48.1023092055371,11.7097032319583,0
48.1023092055371,11.716422526414,0
48.1023092055371,11.7231418157594,0
48.102309205537,11.7298610998923,5
48.1023092055371,11.7365803787106,0
48.1023092055371,11.743299652112,1
48.1023092055371,11.7500189199943,0
48.1023092055371,11.7567381822555,0
48.1023092055371,11.7634574387931,0
48.1068017429082,11.3871733855588,0
48.1068017429082,11.3938928051171,0
48.1068017429082,11.4006122244709,0
48.1068017429082,11.4073316435181,0
48.1068017429082,11.4140510621565,0
48.1068017429082,11.4207704802839,0
48.1068017429082,11.4274898977979,3
48.1068017429082,11.4342093145965,0
48.1068017429082,11.4409287305774,0
48.1068017429082,11.4476481456385,0
48.1068017429082,11.4543675596774,0
48.1068017429082,11.461086972592,0
48.1068017429082,11.4678063842801,0
48.1068017429082,11.4745257946394,0
48.1068017429082,11.4812452035678,0
48.1068017429082,11.4879646109631,0
48.1068017429082,11.494684016723,0
48.1068017429082,11.5014034207453,0
48.1068017429082,11.5081228229279,1
48.1068017429082,11.5148422231685,5
48.1068017429082,11.5215616213649,0
48.1068017429082,11.5282810174148,0
48.1068017429082,11.5350004112162,5
48.1068017429082,11.5417198026668,0
48.1068017429082,11.5484391916643,2
48.1068017429082,11.5551585781066,2
48.1068017429082,11.5618779618915,0
48.1068017429082,11.5685973429167,2
48.1068017429082,11.5753167210801,3
48.1068017429082,11.5820360962794,5
48.1068017429082,11.5887554684125,7
48.1068017429082,11.5954748373771,0
48.1068017429082,11.602194203071,3
48.1068017429082,11.6089135653921,0
48.1068017429082,11.6156329242381,362
48.1068017429082,11.6223522795068,15
48.1068017429082,11.629071631096,2
48.1068017429082,11.6357909789035,1
48.1068017429082,11.6425103228272,2
48.1068017429082,11.6492296627647,1
48.1068017429082,11.655948998614,6
48.1068017429082,11.6626683302728,0
48.1068017429082,11.6693876576389,0
48.1068017429082,11.6761069806101,0
48.1068017429082,11.6828262990842,0
48.1068017429082,11.689545612959,0
48.1068017429082,11.6962649221323,3
48.1068017429082,11.7029842265019,0
48.1068017429082,11.7097035259657,0
48.1068017429082,11.7164228204214,0
48.1068017429082,11.7231421097668,0
48.1068017429082,11.7298613938997,0
48.1068017429082,11.736580672718,0
48.1068017429082,11.7432999461194,0
48.1068017429082,11.7500192140018,0
48.1068017429082,11.7567384762629,0
48.1068017429082,11.7634577328006,0
48.1112942802794,11.3871736796383,0
48.1112942802794,11.3938930991966,0
48.1112942802794,11.4006125185504,0
48.1112942802794,11.4073319375977,0
48.1112942802794,11.414051356236,1
48.1112942802794,11.4207707743634,0
48.1112942802794,11.4274901918774,0
48.1112942802794,11.434209608676,0
48.1112942802794,11.4409290246569,0
48.1112942802794,11.447648439718,0
48.1112942802794,11.4543678537569,0
48.1112942802794,11.4610872666715,1
48.1112942802794,11.4678066783596,0
48.1112942802794,11.4745260887189,0
48.1112942802794,11.4812454976473,0
48.1112942802794,11.4879649050426,0
48.1112942802794,11.4946843108025,0
48.1112942802794,11.5014037148249,7
48.1112942802794,11.5081231170074,0
48.1112942802794,11.514842517248,5
48.1112942802794,11.5215619154444,3
48.1112942802794,11.5282813114944,2
48.1112942802794,11.5350007052957,7
48.1112942802794,11.5417200967463,2
48.1112942802794,11.5484394857438,9
48.1112942802794,11.5551588721861,2
48.1112942802794,11.561878255971,1
48.1112942802794,11.5685976369962,5
48.1112942802794,11.5753170151596,5
48.1112942802794,11.5820363903589,2
48.1112942802794,11.588755762492,2
48.1112942802794,11.5954751314566,1
48.1112942802794,11.6021944971505,18
48.1112942802794,11.6089138594716,1
48.1112942802794,11.6156332183176,3
48.1112942802794,11.6223525735863,0
48.1112942802794,11.6290719251755,1
48.1112942802794,11.635791272983,0
48.1112942802794,11.6425106169067,0
48.1112942802794,11.6492299568443,0
48.1112942802794,11.6559492926935,10
48.1112942802794,11.6626686243523,0
48.1112942802794,11.6693879517184,73
48.1112942802794,11.6761072746896,0
48.1112942802794,11.6828265931637,5
48.1112942802794,11.6895459070385,1
48.1112942802794,11.6962652162118,0
48.1112942802794,11.7029845205815,1
48.1112942802794,11.7097038200452,1
48.1112942802794,11.7164231145009,3
48.1112942802794,11.7231424038463,0
48.1112942802794,11.7298616879792,0
48.1112942802794,11.7365809667975,0
48.1112942802794,11.7433002401989,0
48.1112942802794,11.7500195080813,0
48.1112942802794,11.7567387703424,0
48.1112942802794,11.7634580268801,0
48.1157868176303,11.3871739737596,0
48.1157868176303,11.3938933933178,0
48.1157868176303,11.4006128126717,0
48.1157868176303,11.4073322317189,0
48.1157868176303,11.4140516503573,0
48.1157868176303,11.4207710684846,0
48.1157868176303,11.4274904859987,0
48.1157868176303,11.4342099027973,1
48.1157868176303,11.4409293187782,22
48.1157868176303,11.4476487338392,0
48.1157868176303,11.4543681478781,0
48.1157868176303,11.4610875607927,0
48.1157868176303,11.4678069724808,0
48.1157868176303,11.4745263828402,2
48.1157868176303,11.4812457917686,2
48.1157868176303,11.4879651991639,0
48.1157868176303,11.4946846049238,1
48.1157868176303,11.5014040089461,7
48.1157868176303,11.5081234111287,1
48.1157868176303,11.5148428113692,16
48.1157868176303,11.5215622095656,3
48.1157868176303,11.5282816056156,0
48.1157868176303,11.535000999417,16
48.1157868176303,11.5417203908675,2
48.1157868176303,11.5484397798651,5
48.1157868176303,11.5551591663074,0
48.1157868176303,11.5618785500923,0
48.1157868176303,11.5685979311175,4
48.1157868176303,11.5753173092809,1
48.1157868176303,11.5820366844802,7
48.1157868176303,11.5887560566133,4
48.1157868176303,11.5954754255779,3
48.1157868176303,11.6021947912718,9
48.1157868176303,11.6089141535929,1
48.1157868176303,11.6156335124388,1
48.1157868176303,11.6223528677075,0
48.1157868176303,11.6290722192968,0
48.1157868176303,11.6357915671043,0
48.1157868176303,11.6425109110279,0
48.1157868176303,11.6492302509655,0
48.1157868176303,11.6559495868148,4
48.1157868176303,11.6626689184735,2
48.1157868176303,11.6693882458396,1
48.1157868176303,11.6761075688108,0
48.1157868176303,11.6828268872849,0
48.1157868176303,11.6895462011597,3
48.1157868176303,11.6962655103331,0
48.1157868176303,11.7029848147027,0
48.1157868176303,11.7097041141665,0
48.1157868176303,11.7164234086221,0
48.1157868176303,11.7231426979676,0
48.1157868176303,11.7298619821005,0
48.1157868176303,11.7365812609188,0
48.1157868176303,11.7433005343202,0
48.1157868176303,11.7500198022025,0
48.1157868176303,11.7567390644637,0
48.1157868176303,11.7634583210013,0
48.1202793550218,11.3871742680137,0
48.1202793550218,11.393893687572,0
48.1202793550218,11.4006131069258,0
48.1202793550218,11.407332525973,0
48.1202793550218,11.4140519446114,0
48.1202793550218,11.4207713627388,0
48.1202793550218,11.4274907802528,1
48.1202793550218,11.4342101970514,79
48.1202793550218,11.4409296130323,0
48.1202793550218,11.4476490280934,0
48.1202793550218,11.4543684421323,0
48.1202793550218,11.4610878550469,0
48.1202793550218,11.467807266735,0
48.1202793550218,11.4745266770943,0
48.1202793550218,11.4812460860227,0
48.1202793550218,11.487965493418,4
48.1202793550218,11.4946848991779,0
48.1202793550218,11.5014043032002,0
48.1202793550218,11.5081237053828,4
48.1202793550218,11.5148431056234,8
48.1202793550218,11.5215625038198,0
48.1202793550218,11.5282818998698,0
48.1202793550218,11.5350012936711,5
48.1202793550218,11.5417206851217,13
48.1202793550218,11.5484400741192,4
48.1202793550218,11.5551594605615,0
48.1202793550218,11.5618788443464,7
48.1202793550218,11.5685982253716,13
48.1202793550218,11.575317603535,9
48.1202793550218,11.5820369787343,28
48.1202793550218,11.5887563508674,0
48.1202793550218,11.595475719832,0
48.1202793550218,11.6021950855259,8
48.1202793550218,11.608914447847,6
48.1202793550218,11.615633806693,5
48.1202793550218,11.6223531619617,2
48.1202793550218,11.6290725135509,1
48.1202793550218,11.6357918613584,0
48.1202793550218,11.6425112052821,1
48.1202793550218,11.6492305452196,0
48.1202793550218,11.6559498810689,0
48.1202793550218,11.6626692127277,0
48.1202793550218,11.6693885400938,2
48.1202793550218,11.676107863065,1
48.1202793550218,11.6828271815391,0
48.1202793550218,11.6895464954139,0
48.1202793550218,11.6962658045872,0
48.1202793550218,11.7029851089568,0
48.1202793550218,11.7097044084206,0
48.1202793550218,11.7164237028763,0
48.1202793550218,11.7231429922217,0
48.1202793550218,11.7298622763546,0
48.1202793550218,11.7365815551729,0
48.1202793550218,11.7433008285743,0
48.1202793550218,11.7500200964567,0
48.1202793550218,11.7567393587178,0
48.1202793550218,11.7634586152555,0
48.1247718923929,11.3871745623096,0
48.1247718923929,11.3938939818679,0
48.1247718923929,11.4006134012217,0
48.1247718923929,11.407332820269,0
48.1247718923929,11.4140522389073,0
48.1247718923929,11.4207716570347,0
48.1247718923929,11.4274910745487,0
48.1247718923929,11.4342104913473,1
48.1247718923929,11.4409299073283,0
48.1247718923929,11.4476493223893,0
48.1247718923929,11.4543687364282,0
48.1247718923929,11.4610881493428,0
48.1247718923929,11.4678075610309,0
48.1247718923929,11.4745269713902,0
48.1247718923929,11.4812463803186,0
48.1247718923929,11.4879657877139,0
48.1247718923929,11.4946851934738,1
48.1247718923929,11.5014045974962,1
48.1247718923929,11.5081239996787,0
48.1247718923929,11.5148433999193,0
48.1247718923929,11.5215627981157,0
48.1247718923929,11.5282821941657,0
48.1247718923929,11.535001587967,0
48.1247718923929,11.5417209794176,4
48.1247718923929,11.5484403684151,9
48.1247718923929,11.5551597548574,11
48.1247718923929,11.5618791386423,11
48.1247718923929,11.5685985196675,6
48.1247718923929,11.5753178978309,2
48.1247718923929,11.5820372730302,6
48.1247718923929,11.5887566451633,0
48.1247718923929,11.5954760141279,1
48.1247718923929,11.6021953798219,15
48.1247718923929,11.6089147421429,4
48.1247718923929,11.6156341009889,0
48.1247718923929,11.6223534562576,0
48.1247718923929,11.6290728078468,3
48.1247718923929,11.6357921556544,4
48.1247718923929,11.642511499578,1
48.1247718923929,11.6492308395156,0
48.1247718923929,11.6559501753648,0
48.1247718923929,11.6626695070236,0
48.1247718923929,11.6693888343897,0
48.1247718923929,11.6761081573609,0
48.1247718923929,11.682827475835,0
48.1247718923929,11.6895467897098,0
48.1247718923929,11.6962660988831,0
48.1247718923929,11.7029854032528,0
48.1247718923929,11.7097047027165,0
48.1247718923929,11.7164239971722,0
48.1247718923929,11.7231432865176,0
48.1247718923929,11.7298625706505,0
48.1247718923929,11.7365818494688,0
48.1247718923929,11.7433011228702,0
48.1247718923929,11.7500203907526,0
48.1247718923929,11.7567396530137,0
48.1247718923929,11.7634589095514,0
48.1292644297641,11.3871748566777,1
48.1292644297641,11.393894276236,0
48.1292644297641,11.4006136955898,0
48.1292644297641,11.4073331146371,0
48.1292644297641,11.4140525332754,0
48.1292644297641,11.4207719514028,1
48.1292644297641,11.4274913689168,0
48.1292644297641,11.4342107857154,0
48.1292644297641,11.4409302016963,0
48.1292644297641,11.4476496167574,0
48.1292644297641,11.4543690307963,1
48.1292644297641,11.4610884437109,0
48.1292644297641,11.467807855399,3
48.1292644297641,11.4745272657583,0
48.1292644297641,11.4812466746867,0
48.1292644297641,11.487966082082,0
48.1292644297641,11.4946854878419,1
48.1292644297641,11.5014048918643,1
48.1292644297641,11.5081242940468,0
48.1292644297641,11.5148436942874,0
48.1292644297641,11.5215630924838,0
48.1292644297641,11.5282824885338,3
48.1292644297641,11.5350018823351,4
48.1292644297641,11.5417212737857,24
48.1292644297641,11.5484406627832,1
48.1292644297641,11.5551600492255,27
48.1292644297641,11.5618794330104,22
48.1292644297641,11.5685988140356,17
48.1292644297641,11.575318192199,16
48.1292644297641,11.5820375673983,21
48.1292644297641,11.5887569395314,126
48.1292644297641,11.595476308496,63
48.1292644297641,11.6021956741899,28
48.1292644297641,11.608915036511,18
48.1292644297641,11.615634395357,1
48.1292644297641,11.6223537506257,2
48.1292644297641,11.6290731022149,1
48.1292644297641,11.6357924500224,1
48.1292644297641,11.6425117939461,1
48.1292644297641,11.6492311338836,0
48.1292644297641,11.6559504697329,0
48.1292644297641,11.6626698013917,1
48.1292644297641,11.6693891287578,1
48.1292644297641,11.676108451729,0
48.1292644297641,11.6828277702031,0
48.1292644297641,11.6895470840779,2
48.1292644297641,11.6962663932512,0
48.1292644297641,11.7029856976209,6
48.1292644297641,11.7097049970846,1
48.1292644297641,11.7164242915403,1
48.1292644297641,11.7231435808857,0
48.1292644297641,11.7298628650186,0
48.1292644297641,11.7365821438369,0
48.1292644297641,11.7433014172383,0
48.1292644297641,11.7500206851207,0
48.1292644297641,11.7567399473818,0
48.1292644297641,11.7634592039195,0
48.1337569671353,11.387175151118,0
48.1337569671353,11.3938945706763,0
48.1337569671353,11.4006139900301,0
48.1337569671353,11.4073334090773,0
48.1337569671353,11.4140528277157,1
48.1337569671353,11.4207722458431,0
48.1337569671353,11.4274916633571,0
48.1337569671353,11.4342110801557,0
48.1337569671353,11.4409304961366,0
48.1337569671353,11.4476499111976,0
48.1337569671353,11.4543693252366,8
48.1337569671353,11.4610887381512,0
48.1337569671353,11.4678081498393,0
48.1337569671353,11.4745275601986,0
48.1337569671353,11.481246969127,0
48.1337569671353,11.4879663765223,0
48.1337569671353,11.4946857822822,0
48.1337569671353,11.5014051863045,2
48.1337569671353,11.5081245884871,3
48.1337569671353,11.5148439887277,9
48.1337569671353,11.5215633869241,3
48.1337569671353,11.528282782974,19
48.1337569671353,11.5350021767754,12
48.1337569671353,11.541721568226,14
48.1337569671353,11.5484409572235,13
48.1337569671353,11.5551603436658,5
48.1337569671353,11.5618797274507,48
48.1337569671353,11.5685991084759,137
48.1337569671353,11.5753184866393,48
48.1337569671353,11.5820378618386,71
48.1337569671353,11.5887572339717,92
48.1337569671353,11.5954766029363,13
48.1337569671353,11.6021959686302,17
48.1337569671353,11.6089153309513,4
48.1337569671353,11.6156346897973,11
48.1337569671353,11.622354045066,2
48.1337569671353,11.6290733966552,2
48.1337569671353,11.6357927444627,2
48.1337569671353,11.6425120883864,1
48.1337569671353,11.6492314283239,0
48.1337569671353,11.6559507641732,0
48.1337569671353,11.662670095832,1
48.1337569671353,11.6693894231981,0
48.1337569671353,11.6761087461692,0
48.1337569671353,11.6828280646434,1
48.1337569671353,11.6895473785182,17
48.1337569671353,11.6962666876915,4
48.1337569671353,11.7029859920611,1
48.1337569671353,11.7097052915249,1
48.1337569671353,11.7164245859806,1
48.1337569671353,11.723143875326,0
48.1337569671353,11.7298631594589,0
48.1337569671353,11.7365824382772,0
48.1337569671353,11.7433017116786,0
48.1337569671353,11.750020979561,0
48.1337569671353,11.7567402418221,0
48.1337569671353,11.7634594983598,0
48.1382495045064,11.3871754456305,0
48.1382495045064,11.3938948651888,0
48.1382495045064,11.4006142845426,1
48.1382495045064,11.4073337035899,0
48.1382495045064,11.4140531222282,0
48.1382495045064,11.4207725403556,0
48.1382495045064,11.4274919578696,0
48.1382495045064,11.4342113746682,1
48.1382495045064,11.4409307906491,9
48.1382495045064,11.4476502057102,3
48.1382495045064,11.4543696197491,18
48.1382495045064,11.4610890326637,0
48.1382495045064,11.4678084443518,0
48.1382495045064,11.4745278547111,0
48.1382495045064,11.4812472636395,0
48.1382495045064,11.4879666710348,3
48.1382495045064,11.4946860767947,1
48.1382495045064,11.5014054808171,3
48.1382495045064,11.5081248829996,5
48.1382495045064,11.5148442832402,6
48.1382495045064,11.5215636814366,8
48.1382495045064,11.5282830774866,8
48.1382495045064,11.5350024712879,16
48.1382495045064,11.5417218627385,2
48.1382495045064,11.548441251736,15
48.1382495045064,11.5551606381783,320
48.1382495045064,11.5618800219632,596
48.1382495045064,11.5685994029884,186
48.1382495045064,11.5753187811518,426
48.1382495045064,11.5820381563511,166
48.1382495045064,11.5887575284842,14
48.1382495045064,11.5954768974488,0
48.1382495045064,11.6021962631427,5
48.1382495045064,11.6089156254638,6
48.1382495045064,11.6156349843098,3
48.1382495045064,11.6223543395785,2
48.1382495045064,11.6290736911677,2
48.1382495045064,11.6357930389752,2
48.1382495045064,11.6425123828989,3
48.1382495045064,11.6492317228364,12
48.1382495045064,11.6559510586857,0
48.1382495045064,11.6626703903445,0
48.1382495045064,11.6693897177106,1
48.1382495045064,11.6761090406818,0
48.1382495045064,11.6828283591559,1
48.1382495045064,11.6895476730307,0
48.1382495045064,11.696266982204,0
48.1382495045064,11.7029862865737,3
48.1382495045064,11.7097055860374,0
48.1382495045064,11.7164248804931,0
48.1382495045064,11.7231441698385,0
48.1382495045064,11.7298634539714,0
48.1382495045064,11.7365827327897,0
48.1382495045064,11.7433020061911,0
48.1382495045064,11.7500212740735,0
48.1382495045064,11.7567405363346,0
48.1382495045064,11.7634597928723,0
48.1427420418776,11.3871757402152,0
48.1427420418776,11.3938951597735,0
48.1427420418776,11.4006145791274,0
48.1427420418776,11.4073339981746,0
48.1427420418776,11.414053416813,0
48.1427420418776,11.4207728349403,0
48.1427420418776,11.4274922524544,0
48.1427420418776,11.434211669253,1
48.1427420418776,11.4409310852339,0
48.1427420418776,11.4476505002949,3
48.1427420418776,11.4543699143338,0
48.1427420418776,11.4610893272484,1
48.1427420418776,11.4678087389365,0
48.1427420418776,11.4745281492959,3
48.1427420418776,11.4812475582243,0
48.1427420418776,11.4879669656196,2
48.1427420418776,11.4946863713795,1
48.1427420418776,11.5014057754018,3
48.1427420418776,11.5081251775844,4
48.1427420418776,11.5148445778249,69
48.1427420418776,11.5215639760213,12
48.1427420418776,11.5282833720713,3
48.1427420418776,11.5350027658727,40
48.1427420418776,11.5417221573232,92
48.1427420418776,11.5484415463208,51
48.1427420418776,11.5551609327631,160
48.1427420418776,11.561880316548,202
48.1427420418776,11.5685996975732,39
48.1427420418776,11.5753190757366,99
48.1427420418776,11.5820384509359,36
48.1427420418776,11.588757823069,10
48.1427420418776,11.5954771920336,6
48.1427420418776,11.6021965577275,1
48.1427420418776,11.6089159200486,0
48.1427420418776,11.6156352788945,6
48.1427420418776,11.6223546341632,0
48.1427420418776,11.6290739857525,0
48.1427420418776,11.63579333356,0
48.1427420418776,11.6425126774836,0
48.1427420418776,11.6492320174212,2
48.1427420418776,11.6559513532705,0
48.1427420418776,11.6626706849292,0
48.1427420418776,11.6693900122953,0
48.1427420418776,11.6761093352665,0
48.1427420418776,11.6828286537406,0
48.1427420418776,11.6895479676154,0
48.1427420418776,11.6962672767888,0
48.1427420418776,11.7029865811584,0
48.1427420418776,11.7097058806222,1
48.1427420418776,11.7164251750778,0
48.1427420418776,11.7231444644232,0
48.1427420418776,11.7298637485562,1
48.1427420418776,11.7365830273745,0
48.1427420418776,11.7433023007759,0
48.1427420418776,11.7500215686582,0
48.1427420418776,11.7567408309193,0
48.1427420418776,11.763460087457,0
48.1472345792488,11.3871760348723,0
48.1472345792488,11.3938954544306,1
48.1472345792488,11.4006148737844,0
48.1472345792488,11.4073342928316,0
48.1472345792488,11.41405371147,0
48.1472345792488,11.4207731295973,2
48.1472345792488,11.4274925471114,2
48.1472345792488,11.43421196391,2
48.1472345792488,11.4409313798909,0
48.1472345792488,11.4476507949519,0
48.1472345792488,11.4543702089909,0
48.1472345792488,11.4610896219055,10
48.1472345792488,11.4678090335936,1
48.1472345792488,11.4745284439529,1
48.1472345792488,11.4812478528813,4
48.1472345792488,11.4879672602766,0
48.1472345792488,11.4946866660365,0
48.1472345792488,11.5014060700588,3
48.1472345792488,11.5081254722414,5
48.1472345792488,11.514844872482,2
48.1472345792488,11.5215642706783,19
48.1472345792488,11.5282836667283,4
48.1472345792488,11.5350030605297,25
48.1472345792488,11.5417224519803,39
48.1472345792488,11.5484418409778,4
48.1472345792488,11.5551612274201,41
48.1472345792488,11.561880611205,31
48.1472345792488,11.5685999922302,33
48.1472345792488,11.5753193703936,9
48.1472345792488,11.5820387455929,7
48.1472345792488,11.588758117726,171
48.1472345792488,11.5954774866906,4
48.1472345792488,11.6021968523845,1
48.1472345792488,11.6089162147056,0
48.1472345792488,11.6156355735516,13
48.1472345792488,11.6223549288203,0
48.1472345792488,11.6290742804095,0
48.1472345792488,11.635793628217,0
48.1472345792488,11.6425129721407,1
48.1472345792488,11.6492323120782,1
48.1472345792488,11.6559516479275,0
48.1472345792488,11.6626709795863,0
48.1472345792488,11.6693903069524,1
48.1472345792488,11.6761096299235,3
48.1472345792488,11.6828289483976,4
48.1472345792488,11.6895482622725,1
48.1472345792488,11.6962675714458,0
48.1472345792488,11.7029868758154,0
48.1472345792488,11.7097061752792,0
48.1472345792488,11.7164254697349,0
48.1472345792488,11.7231447590803,0
48.1472345792488,11.7298640432132,2
48.1472345792488,11.7365833220315,0
48.1472345792488,11.7433025954329,0
48.1472345792488,11.7500218633153,0
48.1472345792488,11.7567411255764,0
48.1472345792488,11.7634603821141,0
48.1517271166199,11.3871763296016,0
48.1517271166199,11.3938957491599,0
48.1517271166199,11.4006151685137,0
48.1517271166199,11.4073345875609,0
48.1517271166199,11.4140540061993,0
48.1517271166199,11.4207734243267,0
48.1517271166199,11.4274928418407,0
48.1517271166199,11.4342122586393,6
48.1517271166199,11.4409316746202,0
48.1517271166199,11.4476510896812,2
48.1517271166199,11.4543705037202,3
48.1517271166199,11.4610899166348,13
48.1517271166199,11.4678093283229,0
48.1517271166199,11.4745287386822,0
48.1517271166199,11.4812481476106,1
48.1517271166199,11.4879675550059,0
48.1517271166199,11.4946869607658,0
48.1517271166199,11.5014063647881,0
48.1517271166199,11.5081257669707,1
48.1517271166199,11.5148451672113,0
48.1517271166199,11.5215645654077,1
48.1517271166199,11.5282839614576,2
48.1517271166199,11.535003355259,16
48.1517271166199,11.5417227467096,10
48.1517271166199,11.5484421357071,17
48.1517271166199,11.5551615221494,5
48.1517271166199,11.5618809059343,11
48.1517271166199,11.5686002869595,10
48.1517271166199,11.5753196651229,36
48.1517271166199,11.5820390403222,36
48.1517271166199,11.5887584124553,1
48.1517271166199,11.5954777814199,19
48.1517271166199,11.6021971471138,14
48.1517271166199,11.6089165094349,9
48.1517271166199,11.6156358682809,223
48.1517271166199,11.6223552235496,35
48.1517271166199,11.6290745751388,0
48.1517271166199,11.6357939229463,0
48.1517271166199,11.64251326687,0
48.1517271166199,11.6492326068075,2
48.1517271166199,11.6559519426568,0
48.1517271166199,11.6626712743156,0
48.1517271166199,11.6693906016817,0
48.1517271166199,11.6761099246529,0
48.1517271166199,11.682829243127,0
48.1517271166199,11.6895485570018,0
48.1517271166199,11.6962678661751,0
48.1517271166199,11.7029871705447,0
48.1517271166199,11.7097064700085,0
48.1517271166199,11.7164257644642,0
48.1517271166199,11.7231450538096,0
48.1517271166199,11.7298643379425,0
48.1517271166199,11.7365836167608,0
48.1517271166199,11.7433028901622,0
48.1517271166199,11.7500221580446,0
48.1517271166199,11.7567414203057,0
48.1517271166199,11.7634606768434,0
48.1562196539911,11.3871766244032,0
48.1562196539911,11.3938960439615,0
48.1562196539911,11.4006154633153,0
48.1562196539911,11.4073348823626,0
48.1562196539911,11.4140543010009,26
48.1562196539911,11.4207737191283,1
48.1562196539911,11.4274931366423,1
48.1562196539911,11.4342125534409,1
48.1562196539911,11.4409319694219,0
48.1562196539911,11.4476513844829,1
48.1562196539911,11.4543707985218,4
48.1562196539911,11.4610902114364,0
48.1562196539911,11.4678096231245,0
48.1562196539911,11.4745290334838,1
48.1562196539911,11.4812484424122,0
48.1562196539911,11.4879678498075,0
48.1562196539911,11.4946872555674,0
48.1562196539911,11.5014066595898,8
48.1562196539911,11.5081260617723,3
48.1562196539911,11.5148454620129,1
48.1562196539911,11.5215648602093,3
48.1562196539911,11.5282842562593,2
48.1562196539911,11.5350036500606,9
48.1562196539911,11.5417230415112,4113
48.1562196539911,11.5484424305087,15
48.1562196539911,11.555161816951,2
48.1562196539911,11.5618812007359,6
48.1562196539911,11.5686005817611,17
48.1562196539911,11.5753199599245,5
48.1562196539911,11.5820393351239,24
48.1562196539911,11.5887587072569,1
48.1562196539911,11.5954780762215,15
48.1562196539911,11.6021974419155,4
48.1562196539911,11.6089168042365,3
48.1562196539911,11.6156361630825,1
48.1562196539911,11.6223555183512,2
48.1562196539911,11.6290748699404,1
48.1562196539911,11.635794217748,0
48.1562196539911,11.6425135616716,1
48.1562196539911,11.6492329016092,1
48.1562196539911,11.6559522374584,0
48.1562196539911,11.6626715691172,0
48.1562196539911,11.6693908964833,0
48.1562196539911,11.6761102194545,0
48.1562196539911,11.6828295379286,0
48.1562196539911,11.6895488518034,0
48.1562196539911,11.6962681609767,0
48.1562196539911,11.7029874653464,0
48.1562196539911,11.7097067648101,0
48.1562196539911,11.7164260592658,0
48.1562196539911,11.7231453486112,0
48.1562196539911,11.7298646327441,0
48.1562196539911,11.7365839115624,0
48.1562196539911,11.7433031849638,0
48.1562196539911,11.7500224528462,0
48.1562196539911,11.7567417151073,0
48.1562196539911,11.763460971645,0
48.160712191342,11.3871769192468,0
48.160712191342,11.393896338805,0
48.160712191342,11.4006157581589,0
48.160712191342,11.4073351772061,0
48.160712191342,11.4140545958445,0
48.160712191342,11.4207740139718,0
48.160712191342,11.4274934314859,0
48.160712191342,11.4342128482845,0
48.160712191342,11.4409322642654,0
48.160712191342,11.4476516793264,1
48.160712191342,11.4543710933653,0
48.160712191342,11.4610905062799,0
48.160712191342,11.467809917968,0
48.160712191342,11.4745293283274,0
48.160712191342,11.4812487372558,0
48.160712191342,11.4879681446511,0
48.160712191342,11.494687550411,0
48.160712191342,11.5014069544333,15
48.160712191342,11.5081263566159,1
48.160712191342,11.5148457568564,2
48.160712191342,11.5215651550528,2
48.160712191342,11.5282845511028,2
48.160712191342,11.5350039449042,22
48.160712191342,11.5417233363547,45
48.160712191342,11.5484427253523,8
48.160712191342,11.5551621117946,10
48.160712191342,11.5618814955795,23
48.160712191342,11.5686008766047,8
48.160712191342,11.5753202547681,15
48.160712191342,11.5820396299674,22
48.160712191342,11.5887590021005,36
48.160712191342,11.5954783710651,6
48.160712191342,11.602197736759,6
48.160712191342,11.6089170990801,0
48.160712191342,11.615636457926,0
48.160712191342,11.6223558131947,1
48.160712191342,11.629075164784,0
48.160712191342,11.6357945125915,0
48.160712191342,11.6425138565151,0
48.160712191342,11.6492331964527,1
48.160712191342,11.655952532302,0
48.160712191342,11.6626718639607,0
48.160712191342,11.6693911913268,0
48.160712191342,11.676110514298,0
48.160712191342,11.6828298327721,0
48.160712191342,11.6895491466469,0
48.160712191342,11.6962684558203,0
48.160712191342,11.7029877601899,0
48.160712191342,11.7097070596537,0
48.160712191342,11.7164263541093,0
48.160712191342,11.7231456434547,1
48.160712191342,11.7298649275877,0
48.160712191342,11.736584206406,0
48.160712191342,11.7433034798074,0
48.160712191342,11.7500227476897,0
48.160712191342,11.7567420099508,0
48.160712191342,11.7634612664885,0
48.1652047287334,11.3871772142235,0
48.1652047287334,11.3938966337818,0
48.1652047287334,11.4006160531356,0
48.1652047287334,11.4073354721828,2
48.1652047287334,11.4140548908212,7
48.1652047287334,11.4207743089486,0
48.1652047287334,11.4274937264626,0
48.1652047287334,11.4342131432612,1
48.1652047287334,11.4409325592421,0
48.1652047287334,11.4476519743031,5
48.1652047287334,11.4543713883421,1
48.1652047287334,11.4610908012567,9
48.1652047287334,11.4678102129448,0
48.1652047287334,11.4745296233041,6
48.1652047287334,11.4812490322325,1
48.1652047287334,11.4879684396278,0
48.1652047287334,11.4946878453877,0
48.1652047287334,11.50140724941,0
48.1652047287334,11.5081266515926,2
48.1652047287334,11.5148460518332,1
48.1652047287334,11.5215654500296,0
48.1652047287334,11.5282848460795,0
48.1652047287334,11.5350042398809,4
48.1652047287334,11.5417236313315,0
48.1652047287334,11.548443020329,4
48.1652047287334,11.5551624067713,2
48.1652047287334,11.5618817905562,11
48.1652047287334,11.5686011715814,2
48.1652047287334,11.5753205497448,2
48.1652047287334,11.5820399249441,10
48.1652047287334,11.5887592970772,13
48.1652047287334,11.5954786660418,2
48.1652047287334,11.6021980317357,1
48.1652047287334,11.6089173940568,0
48.1652047287334,11.6156367529028,1
48.1652047287334,11.6223561081715,7
48.1652047287334,11.6290754597607,89
48.1652047287334,11.6357948075682,1
48.1652047287334,11.6425141514919,8
48.1652047287334,11.6492334914294,0
48.1652047287334,11.6559528272787,0
48.1652047287334,11.6626721589375,0
48.1652047287334,11.6693914863036,1
48.1652047287334,11.6761108092748,0
48.1652047287334,11.6828301277489,0
48.1652047287334,11.6895494416237,0
48.1652047287334,11.696268750797,0
48.1652047287334,11.7029880551666,0
48.1652047287334,11.7097073546304,0
48.1652047287334,11.7164266490861,0
48.1652047287334,11.7231459384315,1
48.1652047287334,11.7298652225644,0
48.1652047287334,11.7365845013827,1
48.1652047287334,11.7433037747841,2
48.1652047287334,11.7500230426665,0
48.1652047287334,11.7567423049276,0
48.1652047287334,11.7634615614653,0
48.1696972661046,11.3871775092422,0
48.1696972661046,11.3938969288005,0
48.1696972661046,11.4006163481543,0
48.1696972661046,11.4073357672015,0
48.1696972661046,11.4140551858399,0
48.1696972661046,11.4207746039672,0
48.1696972661046,11.4274940214813,0
48.1696972661046,11.4342134382799,0
48.1696972661046,11.4409328542608,0
48.1696972661046,11.4476522693218,0
48.1696972661046,11.4543716833608,0
48.1696972661046,11.4610910962754,0
48.1696972661046,11.4678105079634,0
48.1696972661046,11.4745299183228,1
48.1696972661046,11.4812493272512,0
48.1696972661046,11.4879687346465,0
48.1696972661046,11.4946881404064,0
48.1696972661046,11.5014075444287,0
48.1696972661046,11.5081269466113,1
48.1696972661046,11.5148463468519,0
48.1696972661046,11.5215657450482,0
48.1696972661046,11.5282851410982,31
48.1696972661046,11.5350045348996,0
48.1696972661046,11.5417239263502,0
48.1696972661046,11.5484433153477,2
48.1696972661046,11.55516270179,5
48.1696972661046,11.5618820855749,2
48.1696972661046,11.5686014666001,5
48.1696972661046,11.5753208447635,0
48.1696972661046,11.5820402199628,2
48.1696972661046,11.5887595920959,1
48.1696972661046,11.5954789610605,5
48.1696972661046,11.6021983267544,0
48.1696972661046,11.6089176890755,0
48.1696972661046,11.6156370479215,0
48.1696972661046,11.6223564031902,20
48.1696972661046,11.6290757547794,0
48.1696972661046,11.6357951025869,0
48.1696972661046,11.6425144465106,5
48.1696972661046,11.6492337864481,0
48.1696972661046,11.6559531222974,0
48.1696972661046,11.6626724539562,0
48.1696972661046,11.6693917813223,0
48.1696972661046,11.6761111042934,0
48.1696972661046,11.6828304227675,0
48.1696972661046,11.6895497366424,0
48.1696972661046,11.6962690458157,0
48.1696972661046,11.7029883501853,0
48.1696972661046,11.7097076496491,0
48.1696972661046,11.7164269441048,0
48.1696972661046,11.7231462334502,0
48.1696972661046,11.7298655175831,0
48.1696972661046,11.7365847964014,0
48.1696972661046,11.7433040698028,0
48.1696972661046,11.7500233376852,0
48.1696972661046,11.7567425999463,0
48.1696972661046,11.7634618564839,0
48.1741898035163,11.3871778043941,0
48.1741898035163,11.3938972239524,0
48.1741898035163,11.4006166433062,0
48.1741898035163,11.4073360623535,0
48.1741898035163,11.4140554809918,1
48.1741898035163,11.4207748991192,0
48.1741898035163,11.4274943166332,0
48.1741898035163,11.4342137334318,0
48.1741898035163,11.4409331494127,0
48.1741898035163,11.4476525644738,0
48.1741898035163,11.4543719785127,0
48.1741898035163,11.4610913914273,0
48.1741898035163,11.4678108031154,0
48.1741898035163,11.4745302134747,0
48.1741898035163,11.4812496224031,0
48.1741898035163,11.4879690297984,0
48.1741898035163,11.4946884355583,0
48.1741898035163,11.5014078395807,0
48.1741898035163,11.5081272417632,0
48.1741898035163,11.5148466420038,1
48.1741898035163,11.5215660402002,2
48.1741898035163,11.5282854362502,1
48.1741898035163,11.5350048300515,1
48.1741898035163,11.5417242215021,1
48.1741898035163,11.5484436104996,37
48.1741898035163,11.5551629969419,264
48.1741898035163,11.5618823807268,285
48.1741898035163,11.568601761752,3
48.1741898035163,11.5753211399154,2
48.1741898035163,11.5820405151147,0
48.1741898035163,11.5887598872478,22
48.1741898035163,11.5954792562124,5
48.1741898035163,11.6021986219063,1
48.1741898035163,11.6089179842274,0
48.1741898035163,11.6156373430734,0
48.1741898035163,11.6223566983421,1
48.1741898035163,11.6290760499313,0
48.1741898035163,11.6357953977388,1
48.1741898035163,11.6425147416625,1
48.1741898035163,11.6492340816001,0
48.1741898035163,11.6559534174493,0
48.1741898035163,11.6626727491081,0
48.1741898035163,11.6693920764742,0
48.1741898035163,11.6761113994454,0
48.1741898035163,11.6828307179195,0
48.1741898035163,11.6895500317943,0
48.1741898035163,11.6962693409676,0
48.1741898035163,11.7029886453373,0
48.1741898035163,11.709707944801,0
48.1741898035163,11.7164272392567,0
48.1741898035163,11.7231465286021,2
48.1741898035163,11.729865812735,0
48.1741898035163,11.7365850915533,0
48.1741898035163,11.7433043649547,0
48.1741898035163,11.7500236328371,0
48.1741898035163,11.7567428950982,0
48.1741898035163,11.7634621516359,0
48.1786823408469,11.3871780994968,0
48.1786823408469,11.3938975190551,0
48.1786823408469,11.4006169384089,0
48.1786823408469,11.4073363574562,2
48.1786823408469,11.4140557760945,0
48.1786823408469,11.4207751942219,0
48.1786823408469,11.4274946117359,0
48.1786823408469,11.4342140285345,1
48.1786823408469,11.4409334445154,0
48.1786823408469,11.4476528595765,0
48.1786823408469,11.4543722736154,0
48.1786823408469,11.46109168653,0
48.1786823408469,11.4678110982181,0
48.1786823408469,11.4745305085774,0
48.1786823408469,11.4812499175058,0
48.1786823408469,11.4879693249011,0
48.1786823408469,11.494688730661,0
48.1786823408469,11.5014081346834,0
48.1786823408469,11.5081275368659,16
48.1786823408469,11.5148469371065,1
48.1786823408469,11.5215663353029,2
48.1786823408469,11.5282857313529,20
48.1786823408469,11.5350051251542,20
48.1786823408469,11.5417245166048,0
48.1786823408469,11.5484439056023,3
48.1786823408469,11.5551632920446,38
48.1786823408469,11.5618826758295,23
48.1786823408469,11.5686020568547,1
48.1786823408469,11.5753214350181,3
48.1786823408469,11.5820408102174,4
48.1786823408469,11.5887601823505,1
48.1786823408469,11.5954795513151,53
48.1786823408469,11.602198917009,79
48.1786823408469,11.6089182793301,0
48.1786823408469,11.6156376381761,3
48.1786823408469,11.6223569934448,3
48.1786823408469,11.629076345034,0
48.1786823408469,11.6357956928415,1
48.1786823408469,11.6425150367652,0
48.1786823408469,11.6492343767027,0
48.1786823408469,11.655953712552,0
48.1786823408469,11.6626730442108,0
48.1786823408469,11.6693923715769,0
48.1786823408469,11.6761116945481,0
48.1786823408469,11.6828310130222,0
48.1786823408469,11.689550326897,0
48.1786823408469,11.6962696360703,0
48.1786823408469,11.7029889404399,0
48.1786823408469,11.7097082399037,0
48.1786823408469,11.7164275343594,0
48.1786823408469,11.7231468237048,0
48.1786823408469,11.7298661078377,1
48.1786823408469,11.736585386656,0
48.1786823408469,11.7433046600574,0
48.1786823408469,11.7500239279398,0
48.1786823408469,11.7567431902009,0
48.1786823408469,11.7634624467386,0
48.183174878218,11.3871783947328,0
48.183174878218,11.393897814291,0
48.183174878218,11.4006172336449,0
48.183174878218,11.4073366526921,0
48.183174878218,11.4140560713305,0
48.183174878218,11.4207754894578,0
48.183174878218,11.4274949069719,0
48.183174878218,11.4342143237705,0
48.183174878218,11.4409337397514,0
48.183174878218,11.4476531548124,0
48.183174878218,11.4543725688514,0
48.183174878218,11.461091981766,0
48.183174878218,11.467811393454,1
48.183174878218,11.4745308038134,0
48.183174878218,11.4812502127418,0
48.183174878218,11.4879696201371,0
48.183174878218,11.494689025897,3
48.183174878218,11.5014084299193,2
48.183174878218,11.5081278321019,8
48.183174878218,11.5148472323425,44
48.183174878218,11.5215666305388,21
48.183174878218,11.5282860265888,5
48.183174878218,11.5350054203902,21
48.183174878218,11.5417248118408,0
48.183174878218,11.5484442008383,6
48.183174878218,11.5551635872806,4
48.183174878218,11.5618829710655,9
48.183174878218,11.5686023520907,1
48.183174878218,11.5753217302541,4
48.183174878218,11.5820411054534,2
48.183174878218,11.5887604775865,2
48.183174878218,11.5954798465511,0
48.183174878218,11.602199212245,2
48.183174878218,11.6089185745661,10
48.183174878218,11.6156379334121,1
48.183174878218,11.6223572886808,0
48.183174878218,11.62907664027,0
48.183174878218,11.6357959880775,2
48.183174878218,11.6425153320012,0
48.183174878218,11.6492346719387,2
48.183174878218,11.655954007788,0
48.183174878218,11.6626733394468,0
48.183174878218,11.6693926668128,0
48.183174878218,11.676111989784,0
48.183174878218,11.6828313082581,0
48.183174878218,11.689550622133,0
48.183174878218,11.6962699313063,0
48.183174878218,11.7029892356759,0
48.183174878218,11.7097085351397,0
48.183174878218,11.7164278295954,0
48.183174878218,11.7231471189408,1
48.183174878218,11.7298664030737,0
48.183174878218,11.736585681892,0
48.183174878218,11.7433049552934,0
48.183174878218,11.7500242231757,0
48.183174878218,11.7567434854369,0
48.183174878218,11.7634627419745,0
48.1876674155892,11.3871786900412,1
48.1876674155892,11.3938981095995,2
48.1876674155892,11.4006175289533,0
48.1876674155892,11.4073369480006,0
48.1876674155892,11.4140563666389,0
48.1876674155892,11.4207757847663,0
48.1876674155892,11.4274952022803,0
48.1876674155892,11.4342146190789,1
48.1876674155892,11.4409340350599,0
48.1876674155892,11.4476534501209,0
48.1876674155892,11.4543728641598,0
48.1876674155892,11.4610922770744,2
48.1876674155892,11.4678116887625,1
48.1876674155892,11.4745310991218,0
48.1876674155892,11.4812505080502,0
48.1876674155892,11.4879699154455,0
48.1876674155892,11.4946893212054,0
48.1876674155892,11.5014087252278,0
48.1876674155892,11.5081281274103,0
48.1876674155892,11.5148475276509,0
48.1876674155892,11.5215669258473,0
48.1876674155892,11.5282863218973,1
48.1876674155892,11.5350057156986,0
48.1876674155892,11.5417251071492,9
48.1876674155892,11.5484444961467,4
48.1876674155892,11.555163882589,0
48.1876674155892,11.5618832663739,4
48.1876674155892,11.5686026473991,9
48.1876674155892,11.5753220255625,0
48.1876674155892,11.5820414007618,4
48.1876674155892,11.5887607728949,1
48.1876674155892,11.5954801418595,0
48.1876674155892,11.6021995075535,0
48.1876674155892,11.6089188698745,8
48.1876674155892,11.6156382287205,3
48.1876674155892,11.6223575839892,0
48.1876674155892,11.6290769355784,1
48.1876674155892,11.635796283386,0
48.1876674155892,11.6425156273096,0
48.1876674155892,11.6492349672472,4
48.1876674155892,11.6559543030964,20
48.1876674155892,11.6626736347552,0
48.1876674155892,11.6693929621213,0
48.1876674155892,11.6761122850925,0
48.1876674155892,11.6828316035666,0
48.1876674155892,11.6895509174414,0
48.1876674155892,11.6962702266147,0
48.1876674155892,11.7029895309844,0
48.1876674155892,11.7097088304481,0
48.1876674155892,11.7164281249038,0
48.1876674155892,11.7231474142492,0
48.1876674155892,11.7298666983821,0
48.1876674155892,11.7365859772004,0
48.1876674155892,11.7433052506018,0
48.1876674155892,11.7500245184842,0
48.1876674155892,11.7567437807453,0
48.1876674155892,11.763463037283,0
48.1921599529603,11.3871789854221,0
48.1921599529603,11.3938984049804,0
48.1921599529603,11.4006178243343,0
48.1921599529603,11.4073372433815,0
48.1921599529603,11.4140566620199,0
48.1921599529603,11.4207760801472,0
48.1921599529603,11.4274954976613,0
48.1921599529603,11.4342149144599,0
48.1921599529603,11.4409343304408,0
48.1921599529603,11.4476537455018,0
48.1921599529603,11.4543731595407,0
48.1921599529603,11.4610925724553,3
48.1921599529603,11.4678119841434,3
48.1921599529603,11.4745313945028,2
48.1921599529603,11.4812508034312,0
48.1921599529603,11.4879702108265,0
48.1921599529603,11.4946896165864,0
48.1921599529603,11.5014090206087,0
48.1921599529603,11.5081284227913,0
48.1921599529603,11.5148478230318,0
48.1921599529603,11.5215672212282,0
48.1921599529603,11.5282866172782,0
48.1921599529603,11.5350060110796,0
48.1921599529603,11.5417254025301,0
48.1921599529603,11.5484447915277,0
48.1921599529603,11.55516417797,0
48.1921599529603,11.5618835617548,0
48.1921599529603,11.5686029427801,5
48.1921599529603,11.5753223209435,0
48.1921599529603,11.5820416961428,6
48.1921599529603,11.5887610682759,1
48.1921599529603,11.5954804372405,1
48.1921599529603,11.6021998029344,1
48.1921599529603,11.6089191652554,0
48.1921599529603,11.6156385241014,4
48.1921599529603,11.6223578793701,1
48.1921599529603,11.6290772309594,0
48.1921599529603,11.6357965787669,0
48.1921599529603,11.6425159226905,0
48.1921599529603,11.6492352626281,29
48.1921599529603,11.6559545984774,1
48.1921599529603,11.6626739301361,6
48.1921599529603,11.6693932575022,2
48.1921599529603,11.6761125804734,0
48.1921599529603,11.6828318989475,0
48.1921599529603,11.6895512128223,0
48.1921599529603,11.6962705219957,0
48.1921599529603,11.7029898263653,0
48.1921599529603,11.7097091258291,0
48.1921599529603,11.7164284202847,3
48.1921599529603,11.7231477096301,0
48.1921599529603,11.7298669937631,0
48.1921599529603,11.7365862725813,0
48.1921599529603,11.7433055459828,0
48.1921599529603,11.7500248138651,0
48.1921599529603,11.7567440761262,0
48.1921599529603,11.7634633326639,0
48.1966524903315,11.3871792808756,0
48.1966524903315,11.3938987004339,0
48.1966524903315,11.4006181197877,0
48.1966524903315,11.407337538835,0
48.1966524903315,11.4140569574733,0
48.1966524903315,11.4207763756007,0
48.1966524903315,11.4274957931147,0
48.1966524903315,11.4342152099133,0
48.1966524903315,11.4409346258942,0
48.1966524903315,11.4476540409553,0
48.1966524903315,11.4543734549942,0
48.1966524903315,11.4610928679088,1
48.1966524903315,11.4678122795969,0
48.1966524903315,11.4745316899562,0
48.1966524903315,11.4812510988846,0
48.1966524903315,11.4879705062799,0
48.1966524903315,11.4946899120398,0
48.1966524903315,11.5014093160622,0
48.1966524903315,11.5081287182447,0
48.1966524903315,11.5148481184853,0
48.1966524903315,11.5215675166817,1
48.1966524903315,11.5282869127317,1
48.1966524903315,11.535006306533,0
48.1966524903315,11.5417256979836,0
48.1966524903315,11.5484450869811,0
48.1966524903315,11.5551644734234,4
48.1966524903315,11.5618838572083,0
48.1966524903315,11.5686032382335,5
48.1966524903315,11.5753226163969,1
48.1966524903315,11.5820419915962,6
48.1966524903315,11.5887613637293,0
48.1966524903315,11.5954807326939,1
48.1966524903315,11.6022000983878,2
48.1966524903315,11.6089194607089,18
48.1966524903315,11.6156388195549,12
48.1966524903315,11.6223581748236,2
48.1966524903315,11.6290775264128,0
48.1966524903315,11.6357968742203,0
48.1966524903315,11.642516218144,1
48.1966524903315,11.6492355580815,0
48.1966524903315,11.6559548939308,0
48.1966524903315,11.6626742255896,0
48.1966524903315,11.6693935529557,0
48.1966524903315,11.6761128759269,0
48.1966524903315,11.682832194401,0
48.1966524903315,11.6895515082758,0
48.1966524903315,11.6962708174491,0
48.1966524903315,11.7029901218188,0
48.1966524903315,11.7097094212825,0
48.1966524903315,11.7164287157382,0
48.1966524903315,11.7231480050836,0
48.1966524903315,11.7298672892165,0
48.1966524903315,11.7365865680348,0
48.1966524903315,11.7433058414362,0
48.1966524903315,11.7500251093186,1
48.1966524903315,11.7567443715797,0
48.1966524903315,11.7634636281174,0
48.2011450277026,11.3871795764016,0
48.2011450277026,11.3938989959599,0
48.2011450277026,11.4006184153137,0
48.2011450277026,11.4073378343609,0
48.2011450277026,11.4140572529993,1
48.2011450277026,11.4207766711266,0
48.2011450277026,11.4274960886407,0
48.2011450277026,11.4342155054393,0
48.2011450277026,11.4409349214202,0
48.2011450277026,11.4476543364812,0
48.2011450277026,11.4543737505202,0
48.2011450277026,11.4610931634348,1
48.2011450277026,11.4678125751229,0
48.2011450277026,11.4745319854822,0
48.2011450277026,11.4812513944106,0
48.2011450277026,11.4879708018059,0
48.2011450277026,11.4946902075658,0
48.2011450277026,11.5014096115881,0
48.2011450277026,11.5081290137707,0
48.2011450277026,11.5148484140113,0
48.2011450277026,11.5215678122077,0
48.2011450277026,11.5282872082576,0
48.2011450277026,11.535006602059,0
48.2011450277026,11.5417259935096,12
48.2011450277026,11.5484453825071,0
48.2011450277026,11.5551647689494,0
48.2011450277026,11.5618841527343,1
48.2011450277026,11.5686035337595,0
48.2011450277026,11.5753229119229,2
48.2011450277026,11.5820422871222,0
48.2011450277026,11.5887616592553,0
48.2011450277026,11.5954810282199,0
48.2011450277026,11.6022003939138,0
48.2011450277026,11.6089197562349,0
48.2011450277026,11.6156391150809,0
48.2011450277026,11.6223584703496,0
48.2011450277026,11.6290778219388,0
48.2011450277026,11.6357971697463,0
48.2011450277026,11.64251651367,0
48.2011450277026,11.6492358536075,0
48.2011450277026,11.6559551894568,0
48.2011450277026,11.6626745211156,0
48.2011450277026,11.6693938484817,0
48.2011450277026,11.6761131714529,0
48.2011450277026,11.682832489927,0
48.2011450277026,11.6895518038018,0
48.2011450277026,11.6962711129751,0
48.2011450277026,11.7029904173447,0
48.2011450277026,11.7097097168085,0
48.2011450277026,11.7164290112642,0
48.2011450277026,11.7231483006096,0
48.2011450277026,11.7298675847425,0
48.2011450277026,11.7365868635608,0
48.2011450277026,11.7433061369622,0
48.2011450277026,11.7500254048446,0
48.2011450277026,11.7567446671057,0
48.2011450277026,11.7634639236434,0
48.2056375650738,11.3871798720001,0
48.2056375650738,11.3938992915584,1
48.2056375650738,11.4006187109123,0
48.2056375650738,11.4073381299595,0
48.2056375650738,11.4140575485979,0
48.2056375650738,11.4207769667252,0
48.2056375650738,11.4274963842393,0
48.2056375650738,11.4342158010379,0
48.2056375650738,11.4409352170188,0
48.2056375650738,11.4476546320798,0
48.2056375650738,11.4543740461187,0
48.2056375650738,11.4610934590333,0
48.2056375650738,11.4678128707214,0
48.2056375650738,11.4745322810808,0
48.2056375650738,11.4812516900092,0
48.2056375650738,11.4879710974044,0
48.2056375650738,11.4946905031643,0
48.2056375650738,11.5014099071867,0
48.2056375650738,11.5081293093692,0
48.2056375650738,11.5148487096098,0
48.2056375650738,11.5215681078062,0
48.2056375650738,11.5282875038562,0
48.2056375650738,11.5350068976576,0
48.2056375650738,11.5417262891081,0
48.2056375650738,11.5484456781057,1
48.2056375650738,11.555165064548,0
48.2056375650738,11.5618844483328,6
48.2056375650738,11.5686038293581,0
48.2056375650738,11.5753232075214,3
48.2056375650738,11.5820425827208,0
48.2056375650738,11.5887619548538,0
48.2056375650738,11.5954813238184,0
48.2056375650738,11.6022006895124,0
48.2056375650738,11.6089200518334,0
48.2056375650738,11.6156394106794,0
48.2056375650738,11.6223587659481,0
48.2056375650738,11.6290781175373,0
48.2056375650738,11.6357974653449,0
48.2056375650738,11.6425168092685,0
48.2056375650738,11.6492361492061,0
48.2056375650738,11.6559554850554,1
48.2056375650738,11.6626748167141,0
48.2056375650738,11.6693941440802,0
48.2056375650738,11.6761134670514,0
48.2056375650738,11.6828327855255,0
48.2056375650738,11.6895520994003,0
48.2056375650738,11.6962714085736,0
48.2056375650738,11.7029907129433,0
48.2056375650738,11.709710012407,0
48.2056375650738,11.7164293068627,0
48.2056375650738,11.7231485962081,0
48.2056375650738,11.7298678803411,0
48.2056375650738,11.7365871591593,0
48.2056375650738,11.7433064325608,0
48.2056375650738,11.7500257004431,0
48.2056375650738,11.7567449627042,0
48.2056375650738,11.7634642192419,0
48.2101301024449,11.3871801676713,0
48.2101301024449,11.3938995872295,0
48.2101301024449,11.4006190065834,0
48.2101301024449,11.4073384256306,0
48.2101301024449,11.414057844269,0
48.2101301024449,11.4207772623963,0
48.2101301024449,11.4274966799104,0
48.2101301024449,11.434216096709,0
48.2101301024449,11.4409355126899,0
48.2101301024449,11.4476549277509,0
48.2101301024449,11.4543743417899,0
48.2101301024449,11.4610937547045,0
48.2101301024449,11.4678131663925,0
48.2101301024449,11.4745325767519,0
48.2101301024449,11.4812519856803,0
48.2101301024449,11.4879713930756,1
48.2101301024449,11.4946907988355,0
48.2101301024449,11.5014102028578,0
48.2101301024449,11.5081296050404,0
48.2101301024449,11.514849005281,0
48.2101301024449,11.5215684034773,0
48.2101301024449,11.5282877995273,0
48.2101301024449,11.5350071933287,0
48.2101301024449,11.5417265847793,0
48.2101301024449,11.5484459737768,0
48.2101301024449,11.5551653602191,2
48.2101301024449,11.561884744004,0
48.2101301024449,11.5686041250292,6
48.2101301024449,11.5753235031926,0
48.2101301024449,11.5820428783919,2
48.2101301024449,11.588762250525,9
48.2101301024449,11.5954816194896,0
48.2101301024449,11.6022009851835,0
48.2101301024449,11.6089203475046,0
48.2101301024449,11.6156397063506,1
48.2101301024449,11.6223590616193,0
48.2101301024449,11.6290784132085,0
48.2101301024449,11.635797761016,0
48.2101301024449,11.6425171049397,0
48.2101301024449,11.6492364448772,0
48.2101301024449,11.6559557807265,9
48.2101301024449,11.6626751123853,0
48.2101301024449,11.6693944397513,0
48.2101301024449,11.6761137627225,0
48.2101301024449,11.6828330811966,0
48.2101301024449,11.6895523950715,0
48.2101301024449,11.6962717042448,0
48.2101301024449,11.7029910086144,0
48.2101301024449,11.7097103080782,0
48.2101301024449,11.7164296025339,0
48.2101301024449,11.7231488918793,0
48.2101301024449,11.7298681760122,0
48.2101301024449,11.7365874548305,0
48.2101301024449,11.7433067282319,0
48.2101301024449,11.7500259961142,0
48.2101301024449,11.7567452583754,0
48.2101301024449,11.763464514913,0
48.2146226398161,11.387180463415,0
48.2146226398161,11.3938998829733,0
48.2146226398161,11.4006193023271,0
48.2146226398161,11.4073387213744,0
48.2146226398161,11.4140581400127,0
48.2146226398161,11.4207775581401,0
48.2146226398161,11.4274969756541,0
48.2146226398161,11.4342163924527,0
48.2146226398161,11.4409358084337,0
48.2146226398161,11.4476552234947,0
48.2146226398161,11.4543746375336,0
48.2146226398161,11.4610940504482,0
48.2146226398161,11.4678134621363,0
48.2146226398161,11.4745328724956,0
48.2146226398161,11.4812522814241,0
48.2146226398161,11.4879716888193,5
48.2146226398161,11.4946910945792,0
48.2146226398161,11.5014104986016,0
48.2146226398161,11.5081299007841,0
48.2146226398161,11.5148493010247,2
48.2146226398161,11.5215686992211,0
48.2146226398161,11.5282880952711,1
48.2146226398161,11.5350074890724,1
48.2146226398161,11.541726880523,1
48.2146226398161,11.5484462695205,0
48.2146226398161,11.5551656559628,1
48.2146226398161,11.5618850397477,0
48.2146226398161,11.5686044207729,0
48.2146226398161,11.5753237989363,0
48.2146226398161,11.5820431741357,0
48.2146226398161,11.5887625462687,10
48.2146226398161,11.5954819152333,0
48.2146226398161,11.6022012809273,0
48.2146226398161,11.6089206432483,0
48.2146226398161,11.6156400020943,0
48.2146226398161,11.622359357363,1
48.2146226398161,11.6290787089522,0
48.2146226398161,11.6357980567598,0
48.2146226398161,11.6425174006834,0
48.2146226398161,11.649236740621,0
48.2146226398161,11.6559560764702,0
48.2146226398161,11.662675408129,0
48.2146226398161,11.6693947354951,0
48.2146226398161,11.6761140584663,0
48.2146226398161,11.6828333769404,0
48.2146226398161,11.6895526908152,0
48.2146226398161,11.6962719999885,0
48.2146226398161,11.7029913043582,0
48.2146226398161,11.7097106038219,0
48.2146226398161,11.7164298982776,0
48.2146226398161,11.723149187623,0
48.2146226398161,11.7298684717559,0
48.2146226398161,11.7365877505742,0
48.2146226398161,11.7433070239756,0
48.2146226398161,11.750026291858,0
48.2146226398161,11.7567455541191,0
48.2146226398161,11.7634648106568,0
48.2191151771669,11.3871807592009,0
48.2191151771669,11.3939001787592,0
48.2191151771669,11.4006195981131,0
48.2191151771669,11.4073390171603,0
48.2191151771669,11.4140584357987,0
48.2191151771669,11.420777853926,0
48.2191151771669,11.4274972714401,0
48.2191151771669,11.4342166882387,0
48.2191151771669,11.4409361042196,0
48.2191151771669,11.4476555192806,0
48.2191151771669,11.4543749333195,0
48.2191151771669,11.4610943462341,0
48.2191151771669,11.4678137579222,0
48.2191151771669,11.4745331682816,1
48.2191151771669,11.48125257721,0
48.2191151771669,11.4879719846053,0
48.2191151771669,11.4946913903652,0
48.2191151771669,11.5014107943875,0
48.2191151771669,11.5081301965701,0
48.2191151771669,11.5148495968106,0
48.2191151771669,11.521568995007,0
48.2191151771669,11.528288391057,0
48.2191151771669,11.5350077848584,0
48.2191151771669,11.5417271763089,0
48.2191151771669,11.5484465653065,0
48.2191151771669,11.5551659517488,2
48.2191151771669,11.5618853355337,0
48.2191151771669,11.5686047165589,0
48.2191151771669,11.5753240947223,0
48.2191151771669,11.5820434699216,0
48.2191151771669,11.5887628420547,0
48.2191151771669,11.5954822110193,0
48.2191151771669,11.6022015767132,0
48.2191151771669,11.6089209390343,0
48.2191151771669,11.6156402978802,0
48.2191151771669,11.6223596531489,23
48.2191151771669,11.6290790047382,0
48.2191151771669,11.6357983525457,1
48.2191151771669,11.6425176964693,0
48.2191151771669,11.6492370364069,0
48.2191151771669,11.6559563722562,0
48.2191151771669,11.6626757039149,1
48.2191151771669,11.669395031281,0
48.2191151771669,11.6761143542522,0
48.2191151771669,11.6828336727263,0
48.2191151771669,11.6895529866011,0
48.2191151771669,11.6962722957745,0
48.2191151771669,11.7029916001441,0
48.2191151771669,11.7097108996079,0
48.2191151771669,11.7164301940635,0
48.2191151771669,11.7231494834089,0
48.2191151771669,11.7298687675419,0
48.2191151771669,11.7365880463602,0
48.2191151771669,11.7433073197616,0
48.2191151771669,11.7500265876439,0
48.2191151771669,11.756745849905,0
48.2191151771669,11.7634651064427,0
48.2236077145583,11.3871810551204,0
48.2236077145583,11.3939004746787,0
48.2236077145583,11.4006198940325,0
48.2236077145583,11.4073393130798,0
48.2236077145583,11.4140587317181,0
48.2236077145583,11.4207781498455,0
48.2236077145583,11.4274975673595,0
48.2236077145583,11.4342169841581,0
48.2236077145583,11.4409364001391,0
48.2236077145583,11.4476558152001,0
48.2236077145583,11.454375229239,0
48.2236077145583,11.4610946421536,0
48.2236077145583,11.4678140538417,0
48.2236077145583,11.474533464201,0
48.2236077145583,11.4812528731294,0
48.2236077145583,11.4879722805247,0
48.2236077145583,11.4946916862846,0
48.2236077145583,11.501411090307,0
48.2236077145583,11.5081304924895,0
48.2236077145583,11.5148498927301,0
48.2236077145583,11.5215692909265,0
48.2236077145583,11.5282886869765,1
48.2236077145583,11.5350080807778,1
48.2236077145583,11.5417274722284,0
48.2236077145583,11.5484468612259,0
48.2236077145583,11.5551662476682,0
48.2236077145583,11.5618856314531,0
48.2236077145583,11.5686050124783,0
48.2236077145583,11.5753243906417,0
48.2236077145583,11.582043765841,0
48.2236077145583,11.5887631379741,0
48.2236077145583,11.5954825069387,0
48.2236077145583,11.6022018726327,0
48.2236077145583,11.6089212349537,0
48.2236077145583,11.6156405937997,0
48.2236077145583,11.6223599490684,0
48.2236077145583,11.6290793006576,1
48.2236077145583,11.6357986484652,0
48.2236077145583,11.6425179923888,0
48.2236077145583,11.6492373323264,0
48.2236077145583,11.6559566681756,0
48.2236077145583,11.6626759998344,0
48.2236077145583,11.6693953272005,0
48.2236077145583,11.6761146501717,1
48.2236077145583,11.6828339686458,0
48.2236077145583,11.6895532825206,0
48.2236077145583,11.6962725916939,0
48.2236077145583,11.7029918960636,0
48.2236077145583,11.7097111955273,0
48.2236077145583,11.716430489983,0
48.2236077145583,11.7231497793284,0
48.2236077145583,11.7298690634613,0
48.2236077145583,11.7365883422796,0
48.2236077145583,11.743307615681,0
48.2236077145583,11.7500268835634,0
48.2236077145583,11.7567461458245,0
48.2236077145583,11.7634654023622,0
48.2281002519295,11.3871813510821,0
48.2281002519295,11.3939007706404,0
48.2281002519295,11.4006201899942,0
48.2281002519295,11.4073396090415,0
48.2281002519295,11.4140590276798,0
48.2281002519295,11.4207784458072,0
48.2281002519295,11.4274978633212,1
48.2281002519295,11.4342172801198,1
48.2281002519295,11.4409366961008,0
48.2281002519295,11.4476561111618,0
48.2281002519295,11.4543755252007,0
48.2281002519295,11.4610949381153,0
48.2281002519295,11.4678143498034,1
48.2281002519295,11.4745337601627,1
48.2281002519295,11.4812531690911,1
48.2281002519295,11.4879725764864,0
48.2281002519295,11.4946919822463,0
48.2281002519295,11.5014113862687,0
48.2281002519295,11.5081307884512,0
48.2281002519295,11.5148501886918,0
48.2281002519295,11.5215695868882,0
48.2281002519295,11.5282889829382,0
48.2281002519295,11.5350083767395,0
48.2281002519295,11.5417277681901,0
48.2281002519295,11.5484471571876,0
48.2281002519295,11.5551665436299,0
48.2281002519295,11.5618859274148,0
48.2281002519295,11.56860530844,0
48.2281002519295,11.5753246866034,1
48.2281002519295,11.5820440618027,0
48.2281002519295,11.5887634339358,0
48.2281002519295,11.5954828029004,0
48.2281002519295,11.6022021685944,0
48.2281002519295,11.6089215309154,1
48.2281002519295,11.6156408897614,0
48.2281002519295,11.6223602450301,0
48.2281002519295,11.6290795966193,0
48.2281002519295,11.6357989444269,0
48.2281002519295,11.6425182883505,0
48.2281002519295,11.6492376282881,0
48.2281002519295,11.6559569641373,0
48.2281002519295,11.6626762957961,0
48.2281002519295,11.6693956231622,0
48.2281002519295,11.6761149461334,2
48.2281002519295,11.6828342646075,80
48.2281002519295,11.6895535784823,0
48.2281002519295,11.6962728876556,0
48.2281002519295,11.7029921920253,0
48.2281002519295,11.709711491489,0
48.2281002519295,11.7164307859447,0
48.2281002519295,11.7231500752901,0
48.2281002519295,11.729869359423,0
48.2281002519295,11.7365886382413,0
48.2281002519295,11.7433079116427,0
48.2281002519295,11.7500271795251,0
48.2281002519295,11.7567464417862,0
48.2281002519295,11.7634656983239,0
48.2325927893006,11.3871816471165,0
48.2325927893006,11.3939010666748,0
48.2325927893006,11.4006204860286,0
48.2325927893006,11.4073399050759,0
48.2325927893006,11.4140593237142,0
48.2325927893006,11.4207787418416,0
48.2325927893006,11.4274981593557,0
48.2325927893006,11.4342175761542,0
48.2325927893006,11.4409369921352,0
48.2325927893006,11.4476564071962,0
48.2325927893006,11.4543758212351,0
48.2325927893006,11.4610952341497,0
48.2325927893006,11.4678146458378,0
48.2325927893006,11.4745340561971,0
48.2325927893006,11.4812534651256,0
48.2325927893006,11.4879728725208,0
48.2325927893006,11.4946922782807,0
48.2325927893006,11.5014116823031,0
48.2325927893006,11.5081310844856,0
48.2325927893006,11.5148504847262,0
48.2325927893006,11.5215698829226,0
48.2325927893006,11.5282892789726,0
48.2325927893006,11.5350086727739,0
48.2325927893006,11.5417280642245,0
48.2325927893006,11.548447453222,0
48.2325927893006,11.5551668396644,0
48.2325927893006,11.5618862234492,0
48.2325927893006,11.5686056044744,0
48.2325927893006,11.5753249826378,0
48.2325927893006,11.5820443578372,0
48.2325927893006,11.5887637299702,0
48.2325927893006,11.5954830989348,0
48.2325927893006,11.6022024646288,0
48.2325927893006,11.6089218269498,0
48.2325927893006,11.6156411857958,0
48.2325927893006,11.6223605410645,0
48.2325927893006,11.6290798926537,0
48.2325927893006,11.6357992404613,0
48.2325927893006,11.6425185843849,0
48.2325927893006,11.6492379243225,0
48.2325927893006,11.6559572601717,0
48.2325927893006,11.6626765918305,0
48.2325927893006,11.6693959191966,0
48.2325927893006,11.6761152421678,0
48.2325927893006,11.6828345606419,0
48.2325927893006,11.6895538745167,0
48.2325927893006,11.69627318369,0
48.2325927893006,11.7029924880597,0
48.2325927893006,11.7097117875234,0
48.2325927893006,11.7164310819791,0
48.2325927893006,11.7231503713245,0
48.2325927893006,11.7298696554574,0
48.2325927893006,11.7365889342757,0
48.2325927893006,11.7433082076771,0
48.2325927893006,11.7500274755595,0
48.2325927893006,11.7567467378206,0
48.2325927893006,11.7634659943583,0
48.2370853266717,11.3871819432236,0
48.2370853266717,11.3939013627819,0
48.2370853266717,11.4006207821358,0
48.2370853266717,11.407340201183,0
48.2370853266717,11.4140596198214,0
48.2370853266717,11.4207790379487,0
48.2370853266717,11.4274984554628,0
48.2370853266717,11.4342178722614,0
48.2370853266717,11.4409372882423,0
48.2370853266717,11.4476567033033,0
48.2370853266717,11.4543761173422,0
48.2370853266717,11.4610955302568,0
48.2370853266717,11.4678149419449,0
48.2370853266717,11.4745343523043,0
48.2370853266717,11.4812537612327,0
48.2370853266717,11.4879731686279,0
48.2370853266717,11.4946925743878,0
48.2370853266717,11.5014119784102,0
48.2370853266717,11.5081313805927,0
48.2370853266717,11.5148507808333,0
48.2370853266717,11.5215701790297,0
48.2370853266717,11.5282895750797,0
48.2370853266717,11.5350089688811,0
48.2370853266717,11.5417283603316,0
48.2370853266717,11.5484477493292,0
48.2370853266717,11.5551671357715,0
48.2370853266717,11.5618865195563,0
48.2370853266717,11.5686059005816,0
48.2370853266717,11.5753252787449,0
48.2370853266717,11.5820446539443,0
48.2370853266717,11.5887640260773,0
48.2370853266717,11.5954833950419,0
48.2370853266717,11.6022027607359,0
48.2370853266717,11.6089221230569,0
48.2370853266717,11.6156414819029,0
48.2370853266717,11.6223608371716,0
48.2370853266717,11.6290801887608,0
48.2370853266717,11.6357995365684,0
48.2370853266717,11.642518880492,0
48.2370853266717,11.6492382204296,0
48.2370853266717,11.6559575562788,0
48.2370853266717,11.6626768879376,0
48.2370853266717,11.6693962153037,0
48.2370853266717,11.6761155382749,0
48.2370853266717,11.682834856749,0
48.2370853266717,11.6895541706238,0
48.2370853266717,11.6962734797971,0
48.2370853266717,11.7029927841668,0
48.2370853266717,11.7097120836305,0
48.2370853266717,11.7164313780862,0
48.2370853266717,11.7231506674316,0
48.2370853266717,11.7298699515646,0
48.2370853266717,11.7365892303828,0
48.2370853266717,11.7433085037842,0
48.2370853266717,11.7500277716666,0
48.2370853266717,11.7567470339277,0
48.2370853266717,11.7634662904654,0
