lat,long,size,languages,user_top10,words_top5,sentiment_average,sentiment_median
52.3494287490163,12.8986508340911,0,"","","",0.0,0
52.3494287490163,12.90600434965,0,"","","",0.0,0
52.3494287490163,12.9133578649052,0,"","","",0.0,0
52.3494287490163,12.9207113797049,0,"","","",0.0,0
52.3494287490163,12.9280648938972,0,"","","",0.0,0
52.3494287490163,12.9354184073304,0,"","","",0.0,0
52.3494287490163,12.9427719198526,0,"","","",0.0,0
52.3494287490163,12.950125431312,0,"","","",0.0,0
52.3494287490163,12.9574789415566,0,"","","",0.0,0
52.3494287490163,12.9648324504348,0,"","","",0.0,0
52.3494287490163,12.9721859577947,0,"","","",0.0,0
52.3494287490163,12.9795394634844,0,"","","",0.0,0
52.3494287490163,12.9868929673521,0,"","","",0.0,0
52.3494287490163,12.9942464692459,0,"","","",0.0,0
52.3494287490163,13.0015999690141,0,"","","",0.0,0
52.3494287490163,13.0089534665049,0,"","","",0.0,0
52.3494287490163,13.0163069615662,1,de=1,gfischermanns=1,beim=1 laune=1 gute=1 gab=1 ibosommerfest=1,0.0,0
52.3494287490163,13.0236604540465,0,"","","",0.0,0
52.3494287490163,13.0310139437937,0,"","","",0.0,0
52.3494287490163,13.0383674306562,0,"","","",0.0,0
52.3494287490163,13.045720914482,0,"","","",0.0,0
52.3494287490163,13.0530743951193,0,"","","",0.0,0
52.3494287490163,13.0604278724163,0,"","","",0.0,0
52.3494287490163,13.0677813462212,0,"","","",0.0,0
52.3494287490163,13.0751348163821,0,"","","",0.0,0
52.3494287490163,13.0824882827473,0,"","","",0.0,0
52.3494287490163,13.0898417451648,0,"","","",0.0,0
52.3494287490163,13.097195203483,0,"","","",0.0,0
52.3494287490163,13.1045486575498,0,"","","",0.0,0
52.3494287490163,13.1119021072136,0,"","","",0.0,0
52.3494287490163,13.1192555523224,0,"","","",0.0,0
52.3494287490163,13.1266089927246,0,"","","",0.0,0
52.3494287490163,13.1339624282682,0,"","","",0.0,0
52.3494287490163,13.1413158588014,0,"","","",0.0,0
52.3494287490163,13.1486692841724,0,"","","",0.0,0
52.3494287490163,13.1560227042294,0,"","","",0.0,0
52.3494287490163,13.1633761188205,0,"","","",0.0,0
52.3494287490163,13.170729527794,0,"","","",0.0,0
52.3494287490163,13.178082930998,0,"","","",0.0,0
52.3494287490163,13.1854363282808,0,"","","",0.0,0
52.3539212863657,12.8986512078375,0,"","","",0.0,0
52.3539212863657,12.9060047233964,0,"","","",0.0,0
52.3539212863657,12.9133582386516,0,"","","",0.0,0
52.3539212863657,12.9207117534513,0,"","","",0.0,0
52.3539212863657,12.9280652676436,0,"","","",0.0,0
52.3539212863657,12.9354187810768,0,"","","",0.0,0
52.3539212863657,12.942772293599,0,"","","",0.0,0
52.3539212863657,12.9501258050584,0,"","","",0.0,0
52.3539212863657,12.9574793153031,0,"","","",0.0,0
52.3539212863657,12.9648328241813,0,"","","",0.0,0
52.3539212863657,12.9721863315411,0,"","","",0.0,0
52.3539212863657,12.9795398372308,0,"","","",0.0,0
52.3539212863657,12.9868933410985,0,"","","",0.0,0
52.3539212863657,12.9942468429923,0,"","","",0.0,0
52.3539212863657,13.0016003427606,0,"","","",0.0,0
52.3539212863657,13.0089538402513,0,"","","",0.0,0
52.3539212863657,13.0163073353126,0,"","","",0.0,0
52.3539212863657,13.0236608277929,0,"","","",0.0,0
52.3539212863657,13.0310143175401,0,"","","",0.0,0
52.3539212863657,13.0383678044026,0,"","","",0.0,0
52.3539212863657,13.0457212882284,0,"","","",0.0,0
52.3539212863657,13.0530747688657,0,"","","",0.0,0
52.3539212863657,13.0604282461627,0,"","","",0.0,0
52.3539212863657,13.0677817199676,0,"","","",0.0,0
52.3539212863657,13.0751351901285,0,"","","",0.0,0
52.3539212863657,13.0824886564937,0,"","","",0.0,0
52.3539212863657,13.0898421189113,0,"","","",0.0,0
52.3539212863657,13.0971955772294,0,"","","",0.0,0
52.3539212863657,13.1045490312962,0,"","","",0.0,0
52.3539212863657,13.11190248096,0,"","","",0.0,0
52.3539212863657,13.1192559260689,0,"","","",0.0,0
52.3539212863657,13.126609366471,0,"","","",0.0,0
52.3539212863657,13.1339628020146,0,"","","",0.0,0
52.3539212863657,13.1413162325478,0,"","","",0.0,0
52.3539212863657,13.1486696579188,0,"","","",0.0,0
52.3539212863657,13.1560230779758,0,"","","",0.0,0
52.3539212863657,13.1633764925669,0,"","","",0.0,0
52.3539212863657,13.1707299015404,0,"","","",0.0,0
52.3539212863657,13.1780833047445,0,"","","",0.0,0
52.3539212863657,13.1854367020272,0,"","","",0.0,0
52.3584138237353,12.8986515817158,0,"","","",0.0,0
52.3584138237353,12.9060050972746,0,"","","",0.0,0
52.3584138237353,12.9133586125298,0,"","","",0.0,0
52.3584138237353,12.9207121273295,0,"","","",0.0,0
52.3584138237353,12.9280656415219,0,"","","",0.0,0
52.3584138237353,12.9354191549551,0,"","","",0.0,0
52.3584138237353,12.9427726674772,0,"","","",0.0,0
52.3584138237353,12.9501261789366,0,"","","",0.0,0
52.3584138237353,12.9574796891813,0,"","","",0.0,0
52.3584138237353,12.9648331980595,0,"","","",0.0,0
52.3584138237353,12.9721867054193,0,"","","",0.0,0
52.3584138237353,12.979540211109,0,"","","",0.0,0
52.3584138237353,12.9868937149767,0,"","","",0.0,0
52.3584138237353,12.9942472168706,0,"","","",0.0,0
52.3584138237353,13.0016007166388,0,"","","",0.0,0
52.3584138237353,13.0089542141295,0,"","","",0.0,0
52.3584138237353,13.0163077091909,0,"","","",0.0,0
52.3584138237353,13.0236612016711,0,"","","",0.0,0
52.3584138237353,13.0310146914183,0,"","","",0.0,0
52.3584138237353,13.0383681782808,0,"","","",0.0,0
52.3584138237353,13.0457216621066,0,"","","",0.0,0
52.3584138237353,13.0530751427439,0,"","","",0.0,0
52.3584138237353,13.0604286200409,0,"","","",0.0,0
52.3584138237353,13.0677820938458,0,"","","",0.0,0
52.3584138237353,13.0751355640068,0,"","","",0.0,0
52.3584138237353,13.0824890303719,0,"","","",0.0,0
52.3584138237353,13.0898424927895,0,"","","",0.0,0
52.3584138237353,13.0971959511076,2,de=2,andI611=2,bhf=2 potsdamrehbrücke=2 geschafft=1 fast=1,0.0,0
52.3584138237353,13.1045494051744,0,"","","",0.0,0
52.3584138237353,13.1119028548382,0,"","","",0.0,0
52.3584138237353,13.1192562999471,0,"","","",0.0,0
52.3584138237353,13.1266097403492,0,"","","",0.0,0
52.3584138237353,13.1339631758928,0,"","","",0.0,0
52.3584138237353,13.141316606426,0,"","","",0.0,0
52.3584138237353,13.148670031797,0,"","","",0.0,0
52.3584138237353,13.156023451854,0,"","","",0.0,0
52.3584138237353,13.1633768664451,0,"","","",0.0,0
52.3584138237353,13.1707302754186,0,"","","",0.0,0
52.3584138237353,13.1780836786227,0,"","","",0.0,0
52.3584138237353,13.1854370759054,0,"","","",0.0,0
52.362906361105,12.8986519556926,0,"","","",0.0,0
52.362906361105,12.9060054712515,0,"","","",0.0,0
52.362906361105,12.9133589865067,0,"","","",0.0,0
52.362906361105,12.9207125013064,0,"","","",0.0,0
52.362906361105,12.9280660154987,0,"","","",0.0,0
52.362906361105,12.9354195289319,1,de=1,konny=1,kaufen=1 hagebaumarkt=1 ersatzteile=1,0.0,0
52.362906361105,12.9427730414541,0,"","","",0.0,0
52.362906361105,12.9501265529134,0,"","","",0.0,0
52.362906361105,12.9574800631581,0,"","","",0.0,0
52.362906361105,12.9648335720363,0,"","","",0.0,0
52.362906361105,12.9721870793962,1,de=1,chrisbulle=1,dienstweg=1 rollkoffer=1 gut=1 fb=1,0.0,0
52.362906361105,12.9795405850859,0,"","","",0.0,0
52.362906361105,12.9868940889536,0,"","","",0.0,0
52.362906361105,12.9942475908474,0,"","","",0.0,0
52.362906361105,13.0016010906156,0,"","","",0.0,0
52.362906361105,13.0089545881063,0,"","","",0.0,0
52.362906361105,13.0163080831677,0,"","","",0.0,0
52.362906361105,13.023661575648,0,"","","",0.0,0
52.362906361105,13.0310150653952,0,"","","",0.0,0
52.362906361105,13.0383685522576,0,"","","",0.0,0
52.362906361105,13.0457220360834,0,"","","",0.0,0
52.362906361105,13.0530755167208,0,"","","",0.0,0
52.362906361105,13.0604289940178,0,"","","",0.0,0
52.362906361105,13.0677824678227,0,"","","",0.0,0
52.362906361105,13.0751359379836,0,"","","",0.0,0
52.362906361105,13.0824894043488,0,"","","",0.0,0
52.362906361105,13.0898428667663,0,"","","",0.0,0
52.362906361105,13.0971963250844,0,"","","",0.0,0
52.362906361105,13.1045497791513,0,"","","",0.0,0
52.362906361105,13.1119032288151,0,"","","",0.0,0
52.362906361105,13.1192566739239,0,"","","",0.0,0
52.362906361105,13.1266101143261,0,"","","",0.0,0
52.362906361105,13.1339635498696,0,"","","",0.0,0
52.362906361105,13.1413169804028,0,"","","",0.0,0
52.362906361105,13.1486704057738,0,"","","",0.0,0
52.362906361105,13.1560238258308,0,"","","",0.0,0
52.362906361105,13.163377240422,0,"","","",0.0,0
52.362906361105,13.1707306493955,0,"","","",0.0,0
52.362906361105,13.1780840525995,0,"","","",0.0,0
52.362906361105,13.1854374498823,0,"","","",0.0,0
52.3673988984747,12.8986523297682,0,"","","",0.0,0
52.3673988984747,12.906005845327,0,"","","",0.0,0
52.3673988984747,12.9133593605822,0,"","","",0.0,0
52.3673988984747,12.9207128753819,0,"","","",0.0,0
52.3673988984747,12.9280663895743,0,"","","",0.0,0
52.3673988984747,12.9354199030075,0,"","","",0.0,0
52.3673988984747,12.9427734155296,0,"","","",0.0,0
52.3673988984747,12.950126926989,0,"","","",0.0,0
52.3673988984747,12.9574804372337,1,sr=1,we_make_design=1,we're=1 schwielowsee=1,0.0,0
52.3673988984747,12.9648339461119,0,"","","",0.0,0
52.3673988984747,12.9721874534717,0,"","","",0.0,0
52.3673988984747,12.9795409591614,0,"","","",0.0,0
52.3673988984747,12.9868944630291,0,"","","",0.0,0
52.3673988984747,12.994247964923,0,"","","",0.0,0
52.3673988984747,13.0016014646912,0,"","","",0.0,0
52.3673988984747,13.0089549621819,0,"","","",0.0,0
52.3673988984747,13.0163084572433,2,en=1 de=1,torstenbergler=1 claudiahilker=1,templiner=2 sunday=1 social=1 media=1 gleich=1,0.0,0
52.3673988984747,13.0236619497235,0,"","","",0.0,0
52.3673988984747,13.0310154394707,0,"","","",0.0,0
52.3673988984747,13.0383689263332,0,"","","",0.0,0
52.3673988984747,13.045722410159,0,"","","",0.0,0
52.3673988984747,13.0530758907963,0,"","","",0.0,0
52.3673988984747,13.0604293680933,0,"","","",0.0,0
52.3673988984747,13.0677828418982,0,"","","",0.0,0
52.3673988984747,13.0751363120592,0,"","","",0.0,0
52.3673988984747,13.0824897784243,0,"","","",0.0,0
52.3673988984747,13.0898432408419,0,"","","",0.0,0
52.3673988984747,13.09719669916,0,"","","",0.0,0
52.3673988984747,13.1045501532268,0,"","","",0.0,0
52.3673988984747,13.1119036028906,0,"","","",0.0,0
52.3673988984747,13.1192570479995,0,"","","",0.0,0
52.3673988984747,13.1266104884016,0,"","","",0.0,0
52.3673988984747,13.1339639239452,2,de=2,MrPelz=2,heute=1 installiere=1 ios=1 wirklich…=1 glaube=1,0.0,0
52.3673988984747,13.1413173544784,29,en=20 sv=5,weronikaludwik=28 MrPelz=1,follow=26 hahaha=1 nie=1 za=1 ma=1,0.0,0
52.3673988984747,13.1486707798494,0,"","","",0.0,0
52.3673988984747,13.1560241999064,0,"","","",0.0,0
52.3673988984747,13.1633776144975,0,"","","",0.0,0
52.3673988984747,13.170731023471,0,"","","",0.0,0
52.3673988984747,13.1780844266751,0,"","","",0.0,0
52.3673988984747,13.1854378239578,0,"","","",0.0,0
52.3718914358443,12.8986527039424,0,"","","",0.0,0
52.3718914358443,12.9060062195013,0,"","","",0.0,0
52.3718914358443,12.9133597347565,0,"","","",0.0,0
52.3718914358443,12.9207132495562,0,"","","",0.0,0
52.3718914358443,12.9280667637485,0,"","","",0.0,0
52.3718914358443,12.9354202771817,0,"","","",0.0,0
52.3718914358443,12.9427737897039,0,"","","",0.0,0
52.3718914358443,12.9501273011632,0,"","","",0.0,0
52.3718914358443,12.9574808114079,0,"","","",0.0,0
52.3718914358443,12.9648343202861,0,"","","",0.0,0
52.3718914358443,12.972187827646,0,"","","",0.0,0
52.3718914358443,12.9795413333357,0,"","","",0.0,0
52.3718914358443,12.9868948372034,0,"","","",0.0,0
52.3718914358443,12.9942483390972,0,"","","",0.0,0
52.3718914358443,13.0016018388654,0,"","","",0.0,0
52.3718914358443,13.0089553363561,0,"","","",0.0,0
52.3718914358443,13.0163088314175,0,"","","",0.0,0
52.3718914358443,13.0236623238978,0,"","","",0.0,0
52.3718914358443,13.031015813645,0,"","","",0.0,0
52.3718914358443,13.0383693005074,0,"","","",0.0,0
52.3718914358443,13.0457227843332,0,"","","",0.0,0
52.3718914358443,13.0530762649706,0,"","","",0.0,0
52.3718914358443,13.0604297422676,0,"","","",0.0,0
52.3718914358443,13.0677832160725,0,"","","",0.0,0
52.3718914358443,13.0751366862334,0,"","","",0.0,0
52.3718914358443,13.0824901525986,0,"","","",0.0,0
52.3718914358443,13.0898436150161,0,"","","",0.0,0
52.3718914358443,13.0971970733342,0,"","","",0.0,0
52.3718914358443,13.1045505274011,0,"","","",0.0,0
52.3718914358443,13.1119039770649,0,"","","",0.0,0
52.3718914358443,13.1192574221737,0,"","","",0.0,0
52.3718914358443,13.1266108625759,1,de=1,Erik_Berlin=1,tun=1 gibt=1 uhr=1 dvelop=1 portal=1,0.0,0
52.3718914358443,13.1339642981194,5,de=3 en=1,MrPelz=4 ConstanzeTran=1,ts=2 beautiful=1 toll=1 berlin=1 mc’d=1,11.0,11
52.3718914358443,13.1413177286526,1,en=1,DavidOderSo=1,davids=1 became=1 paradise=1,0.0,0
52.3718914358443,13.1486711540236,0,"","","",0.0,0
52.3718914358443,13.1560245740806,0,"","","",0.0,0
52.3718914358443,13.1633779886718,0,"","","",0.0,0
52.3718914358443,13.1707313976453,0,"","","",0.0,0
52.3718914358443,13.1780848008493,0,"","","",0.0,0
52.3718914358443,13.1854381981321,0,"","","",0.0,0
52.376383973214,12.8986530782154,0,"","","",0.0,0
52.376383973214,12.9060065937743,0,"","","",0.0,0
52.376383973214,12.9133601090295,0,"","","",0.0,0
52.376383973214,12.9207136238292,0,"","","",0.0,0
52.376383973214,12.9280671380215,0,"","","",0.0,0
52.376383973214,12.9354206514547,0,"","","",0.0,0
52.376383973214,12.9427741639769,0,"","","",0.0,0
52.376383973214,12.9501276754362,0,"","","",0.0,0
52.376383973214,12.9574811856809,0,"","","",0.0,0
52.376383973214,12.9648346945591,0,"","","",0.0,0
52.376383973214,12.972188201919,0,"","","",0.0,0
52.376383973214,12.9795417076087,0,"","","",0.0,0
52.376383973214,12.9868952114764,0,"","","",0.0,0
52.376383973214,12.9942487133702,0,"","","",0.0,0
52.376383973214,13.0016022131384,0,"","","",0.0,0
52.376383973214,13.0089557106291,0,"","","",0.0,0
52.376383973214,13.0163092056905,2,en=1 de=1,DanielRJStecher=2,airline=1 forum=1 templiner=1 ehefrau=1 kongresshotel=1,0.0,0
52.376383973214,13.0236626981708,0,"","","",0.0,0
52.376383973214,13.031016187918,0,"","","",0.0,0
52.376383973214,13.0383696747804,0,"","","",0.0,0
52.376383973214,13.0457231586062,0,"","","",0.0,0
52.376383973214,13.0530766392436,0,"","","",0.0,0
52.376383973214,13.0604301165406,0,"","","",0.0,0
52.376383973214,13.0677835903455,0,"","","",0.0,0
52.376383973214,13.0751370605064,0,"","","",0.0,0
52.376383973214,13.0824905268716,0,"","","",0.0,0
52.376383973214,13.0898439892891,1,eu=1,Traskone=1,schlaatzvegaz=1,0.0,0
52.376383973214,13.0971974476072,1,de=1,MrPelz=1,„fuck=1 lied=1 bedeutung=1 ersten=1 head=1,0.0,0
52.376383973214,13.1045509016741,0,"","","",0.0,0
52.376383973214,13.1119043513379,1,de=1,snowflakeonair=1,wenigstens=1 erkennen=1 wer=1 facebook=1 fake=1,0.0,0
52.376383973214,13.1192577964467,0,"","","",0.0,0
52.376383973214,13.1266112368489,0,"","","",0.0,0
52.376383973214,13.1339646723924,0,"","","",0.0,0
52.376383973214,13.1413181029256,2,de=2,DavidOderSo=2,schlaflos=1 staffel=1 traum=1 neue=1 liebe=1,0.0,0
52.376383973214,13.1486715282966,1,en=1,DavidOderSo=1,nahauf=1 became=1,0.0,0
52.376383973214,13.1560249483536,0,"","","",0.0,0
52.376383973214,13.1633783629448,0,"","","",0.0,0
52.376383973214,13.1707317719183,0,"","","",0.0,0
52.376383973214,13.1780851751223,0,"","","",0.0,0
52.376383973214,13.1854385724051,0,"","","",0.0,0
52.3808765105836,12.8986534525872,0,"","","",0.0,0
52.3808765105836,12.9060069681461,0,"","","",0.0,0
52.3808765105836,12.9133604834013,0,"","","",0.0,0
52.3808765105836,12.9207139982009,0,"","","",0.0,0
52.3808765105836,12.9280675123933,0,"","","",0.0,0
52.3808765105836,12.9354210258265,0,"","","",0.0,0
52.3808765105836,12.9427745383487,0,"","","",0.0,0
52.3808765105836,12.950128049808,0,"","","",0.0,0
52.3808765105836,12.9574815600527,0,"","","",0.0,0
52.3808765105836,12.9648350689309,0,"","","",0.0,0
52.3808765105836,12.9721885762908,0,"","","",0.0,0
52.3808765105836,12.9795420819805,0,"","","",0.0,0
52.3808765105836,12.9868955858481,0,"","","",0.0,0
52.3808765105836,12.994249087742,0,"","","",0.0,0
52.3808765105836,13.0016025875102,0,"","","",0.0,0
52.3808765105836,13.0089560850009,0,"","","",0.0,0
52.3808765105836,13.0163095800623,4,de=2 sv=1,TimSuck=1 VTolstoy=1 SophiaAuer=1 andI611=1,dumma=1 som=1 tur=1 annat=1 ganzen=1,0.0,0
52.3808765105836,13.0236630725425,0,"","","",0.0,0
52.3808765105836,13.0310165622898,0,"","","",0.0,0
52.3808765105836,13.0383700491522,0,"","","",0.0,0
52.3808765105836,13.045723532978,0,"","","",0.0,0
52.3808765105836,13.0530770136153,0,"","","",0.0,0
52.3808765105836,13.0604304909124,1,de=1,Amujan=1,institut=1 klimafolgenforschung=1 sternwarte=1 einsteinturm=1 spitze=1,0.0,0
52.3808765105836,13.0677839647173,3,en=3,Amujan=3,geosciences=3 gfz=3 german=3 centre=3 research=3,0.0,0
52.3808765105836,13.0751374348782,2,en=1,LennartKroenes=1 eeeels=1,heinrich=1 allee=1 wer=1 chillt=1 nutten=1,0.0,0
52.3808765105836,13.0824909012434,0,"","","",0.0,0
52.3808765105836,13.0898443636609,0,"","","",0.0,0
52.3808765105836,13.097197821979,0,"","","",0.0,0
52.3808765105836,13.1045512760459,0,"","","",0.0,0
52.3808765105836,13.1119047257096,0,"","","",0.0,0
52.3808765105836,13.1192581708185,0,"","","",0.0,0
52.3808765105836,13.1266116112206,0,"","","",0.0,0
52.3808765105836,13.1339650467642,0,"","","",0.0,0
52.3808765105836,13.1413184772974,0,"","","",0.0,0
52.3808765105836,13.1486719026684,0,"","","",0.0,0
52.3808765105836,13.1560253227254,0,"","","",0.0,0
52.3808765105836,13.1633787373166,0,"","","",0.0,0
52.3808765105836,13.1707321462901,0,"","","",0.0,0
52.3808765105836,13.1780855494941,0,"","","",0.0,0
52.3808765105836,13.1854389467768,0,"","","",0.0,0
52.3853690479735,12.898653827091,0,"","","",0.0,0
52.3853690479735,12.9060073426499,0,"","","",0.0,0
52.3853690479735,12.9133608579051,0,"","","",0.0,0
52.3853690479735,12.9207143727048,0,"","","",0.0,0
52.3853690479735,12.9280678868971,0,"","","",0.0,0
52.3853690479735,12.9354214003303,0,"","","",0.0,0
52.3853690479735,12.9427749128525,0,"","","",0.0,0
52.3853690479735,12.9501284243119,0,"","","",0.0,0
52.3853690479735,12.9574819345565,0,"","","",0.0,0
52.3853690479735,12.9648354434347,0,"","","",0.0,0
52.3853690479735,12.9721889507946,0,"","","",0.0,0
52.3853690479735,12.9795424564843,0,"","","",0.0,0
52.3853690479735,12.986895960352,0,"","","",0.0,0
52.3853690479735,12.9942494622458,0,"","","",0.0,0
52.3853690479735,13.001602962014,0,"","","",0.0,0
52.3853690479735,13.0089564595047,0,"","","",0.0,0
52.3853690479735,13.0163099545661,2,de=2,TimSuck=2,brink=1 monats=1 zahlung=1 bestimmt=1 sportler=1,0.0,0
52.3853690479735,13.0236634470464,1,it=1,joyatti=1,il=2 ex=1 com'è=1 che=1 mio=1,0.0,0
52.3853690479735,13.0310169367936,0,"","","",0.0,0
52.3853690479735,13.038370423656,0,"","","",0.0,0
52.3853690479735,13.0457239074818,0,"","","",0.0,0
52.3853690479735,13.0530773881192,0,"","","",0.0,0
52.3853690479735,13.0604308654162,0,"","","",0.0,0
52.3853690479735,13.0677843392211,0,"","","",0.0,0
52.3853690479735,13.075137809382,0,"","","",0.0,0
52.3853690479735,13.0824912757472,1,de=1,nida78=1,kita=1 nuthewinkel=1 wiedereröffnung=1 sommerfest=1,0.0,0
52.3853690479735,13.0898447381647,0,"","","",0.0,0
52.3853690479735,13.0971981964828,0,"","","",0.0,0
52.3853690479735,13.1045516505497,5,en=4,cathyvanorten=5,can't=2 hair=1 ibuprofentweer=1 take=1 monicas=1,1.5,1.5
52.3853690479735,13.1119051002135,1,de=1,cathyvanorten=1,immer=2 hilft=1 friends=1,0.0,0
52.3853690479735,13.1192585453223,4067,de=2515 en=902 it=48 fi=40 sv=27 da=26 af=26 fr=25 es=25 lt=22 nl=21 mt=20 sq=12 sk=11 pt=10 pl=10 eu=10 ga=8 ro=8 is=8 sr=6 nb=5 cs=4 hr=3 sl=3 ms=3 sw=3 id=2 ht=2 ca=1,RadioTeddyMusic=2174 _BB_RADIO_MUSIC=1886 Event_Detection=4 Ilaydaacars=3,radio=3528 teddy=2072 brandenburg=1294 bbradio=708 koblenz=434,6.87113402061856,9.0
52.3853690479735,13.1266119857245,0,"","","",0.0,0
52.3853690479735,13.133965421268,2,de=2,potsdam=1 MrPelz=1,arbeiten=1 dran=1 klettverschluss=1,0.0,0
52.3853690479735,13.1413188518012,0,"","","",0.0,0
52.3853690479735,13.1486722771723,0,"","","",0.0,0
52.3853690479735,13.1560256972292,0,"","","",0.0,0
52.3853690479735,13.1633791118204,0,"","","",0.0,0
52.3853690479735,13.1707325207939,0,"","","",0.0,0
52.3853690479735,13.1780859239979,0,"","","",0.0,0
52.3853690479735,13.1854393212807,0,"","","",0.0,0
52.3898615853229,12.8986542016273,0,"","","",0.0,0
52.3898615853229,12.9060077171861,0,"","","",0.0,0
52.3898615853229,12.9133612324413,0,"","","",0.0,0
52.3898615853229,12.920714747241,0,"","","",0.0,0
52.3898615853229,12.9280682614334,0,"","","",0.0,0
52.3898615853229,12.9354217748665,0,"","","",0.0,0
52.3898615853229,12.9427752873887,0,"","","",0.0,0
52.3898615853229,12.9501287988481,0,"","","",0.0,0
52.3898615853229,12.9574823090928,0,"","","",0.0,0
52.3898615853229,12.964835817971,0,"","","",0.0,0
52.3898615853229,12.9721893253308,0,"","","",0.0,0
52.3898615853229,12.9795428310205,0,"","","",0.0,0
52.3898615853229,12.9868963348882,0,"","","",0.0,0
52.3898615853229,12.9942498367821,0,"","","",0.0,0
52.3898615853229,13.0016033365503,0,"","","",0.0,0
52.3898615853229,13.008956834041,1,"",jack77er=1,gnihihihi=1,0.0,0
52.3898615853229,13.0163103291024,1,de=1,cervus=1,abgestiegen=1 nein=1 glimpflichkontrolliertunelegant=1,0.0,0
52.3898615853229,13.0236638215826,0,"","","",0.0,0
52.3898615853229,13.0310173113298,1,de=1,bpackingphoto=1,espresso=1 wohnzimmer=1 zeit=1,0.0,0
52.3898615853229,13.0383707981923,0,"","","",0.0,0
52.3898615853229,13.0457242820181,0,"","","",0.0,0
52.3898615853229,13.0530777626554,0,"","","",0.0,0
52.3898615853229,13.0604312399524,1,de=1,genscha=1,schwimmhalle=1 brauhausberg=1 brandenburg=1,0.0,0
52.3898615853229,13.0677847137573,9,en=5 de=2 ja=1,MrPelz=2 Connor_Baer=1 rgoldmann=1 xxOliverkcxx=1 scottjoyce=1 theidmann=1 datatrayde=1 musumappa=1,hauptbahnhof=7 sure=1 leider=1 enough=1 unaufhaltbar=1,0.0,0
52.3898615853229,13.0751381839182,2,de=2,MrPelz=1 BloodyFox13=1,zug=1 noisecancelling=1 wäre=1 dank=1 straßenbahn=1,0.0,0
52.3898615853229,13.0824916502834,1,"",cervus=1,buch=1,0.0,0
52.3898615853229,13.089845112701,2,en=1 ru=1,radio_tishina=1 genscha=1,Меня=1 gleis=1 почти=1 лингистический=1 убил=1,0.0,0
52.3898615853229,13.0971985710191,3,de=2 en=1,MHerms=1 rain_room=1 nida78=1,mächtig=1 beim=1 bringen=1 immer=1 getan=1,0.0,0
52.3898615853229,13.1045520250859,0,"","","",0.0,0
52.3898615853229,13.1119054747497,1,en=1,arrimaniac=1,3drig=1,0.0,0
52.3898615853229,13.1192589198586,2,en=1 de=1,TierarztFeske=1 Etiennex=1,berlinbrandenburg=1 frühstück=1 rbb=1 lecker=1 gehtdoch=1,0.0,0
52.3898615853229,13.1266123602607,0,"","","",0.0,0
52.3898615853229,13.1339657958043,0,"","","",0.0,0
52.3898615853229,13.1413192263375,0,"","","",0.0,0
52.3898615853229,13.1486726517085,0,"","","",0.0,0
52.3898615853229,13.1560260717655,0,"","","",0.0,0
52.3898615853229,13.1633794863566,0,"","","",0.0,0
52.3898615853229,13.1707328953301,0,"","","",0.0,0
52.3898615853229,13.1780862985342,0,"","","",0.0,0
52.3898615853229,13.1854396958169,0,"","","",0.0,0
52.3943541226926,12.8986545762956,0,"","","",0.0,0
52.3943541226926,12.9060080918544,0,"","","",0.0,0
52.3943541226926,12.9133616071096,0,"","","",0.0,0
52.3943541226926,12.9207151219093,0,"","","",0.0,0
52.3943541226926,12.9280686361017,0,"","","",0.0,0
52.3943541226926,12.9354221495349,0,"","","",0.0,0
52.3943541226926,12.9427756620571,1,en=1,XenGi_=1,bird=1 wear=1 university=1 everywhere=1 red=1,0.0,0
52.3943541226926,12.9501291735164,0,"","","",0.0,0
52.3943541226926,12.9574826837611,0,"","","",0.0,0
52.3943541226926,12.9648361926393,0,"","","",0.0,0
52.3943541226926,12.9721896999991,0,"","","",0.0,0
52.3943541226926,12.9795432056888,0,"","","",0.0,0
52.3943541226926,12.9868967095565,0,"","","",0.0,0
52.3943541226926,12.9942502114504,0,"","","",0.0,0
52.3943541226926,13.0016037112186,0,"","","",0.0,0
52.3943541226926,13.0089572087093,0,"","","",0.0,0
52.3943541226926,13.0163107037707,1,sv=1,xxOliverkcxx=1,bhf=1 sanssouci=1,0.0,0
52.3943541226926,13.0236641962509,0,"","","",0.0,0
52.3943541226926,13.0310176859982,1,en=1,XenGi_=1,ghz=1 ram=1 tv=1 dual=1 stick=1,0.0,0
52.3943541226926,13.0383711728606,2,en=1,XenGi_=1 genscha=1,thats=1 rückholz=1 key=1 ginnie=1 ability=1,3.0,3
52.3943541226926,13.0457246566864,0,"","","",0.0,0
52.3943541226926,13.0530781373237,5,en=3 de=2,XenGi_=1 Sico93=1 genscha=1 SebSemmi=1 nida78=1,ihk=3 pub=2 midsized=1 said=1 auftaktworkshop=1,0.0,0
52.3943541226926,13.0604316146207,7,en=3 de=2 nl=1 et=1,marcelruhl=1 biaefabio2=1 rgoldmann=1 XenGi_=1 DDarling007=1 lucaslandau=1 AribaSP=1,brandenburg=2 fährt=1 lange=1 gute=1 museum=1,0.0,0
52.3943541226926,13.0677850884256,5,de=3 fi=1 en=1,xxOliverkcxx=1 Rohrwallpirat=1 andreasgalle=1 KosovaGashi=1 rgoldmann=1,plasmaspende=1 heute=1 kaufland=1 rossa=1 pdm=1,0.0,0
52.3943541226926,13.0751385585866,3,de=3,ptext=3,biosphäre=3 pm=3 oktober=1 canin=1 urinary=1,0.0,0
52.3943541226926,13.0824920249517,0,"","","",0.0,0
52.3943541226926,13.0898454873693,3,en=2 lt=1,JKickin=1 andI611=1 nida78=1,eyeem=3 check=1 neukauf=1 carsten=1 update=1,8.0,8
52.3943541226926,13.0971989456874,0,"","","",0.0,0
52.3943541226926,13.1045523997543,0,"","","",0.0,0
52.3943541226926,13.111905849418,0,"","","",0.0,0
52.3943541226926,13.1192592945269,0,"","","",0.0,0
52.3943541226926,13.126612734929,8,en=4 de=3,datatrayde=4 MrPelz=1 mauroalex=1 xxOliverkcxx=1 torsten_lange=1,institut=4 informatik=4 griebnitzsee=3 sbhf=3 brandenburg=3,0.0,0
52.3943541226926,13.1339661704726,1,de=1,Nils_Lange=1,softwaresystemtechnik=1 gmbh=1 start=1 schülerkollegs=1 hpi=1,0.0,0
52.3943541226926,13.1413196010058,0,"","","",0.0,0
52.3943541226926,13.1486730263768,0,"","","",0.0,0
52.3943541226926,13.1560264464338,0,"","","",0.0,0
52.3943541226926,13.163379861025,0,"","","",0.0,0
52.3943541226926,13.1707332699985,0,"","","",0.0,0
52.3943541226926,13.1780866732025,0,"","","",0.0,0
52.3943541226926,13.1854400704852,0,"","","",0.0,0
52.3988466600622,12.8986549510628,0,"","","",0.0,0
52.3988466600622,12.9060084666217,0,"","","",0.0,0
52.3988466600622,12.9133619818769,0,"","","",0.0,0
52.3988466600622,12.9207154966766,0,"","","",0.0,0
52.3988466600622,12.9280690108689,0,"","","",0.0,0
52.3988466600622,12.9354225243021,0,"","","",0.0,0
52.3988466600622,12.9427760368243,0,"","","",0.0,0
52.3988466600622,12.9501295482837,0,"","","",0.0,0
52.3988466600622,12.9574830585284,0,"","","",0.0,0
52.3988466600622,12.9648365674066,0,"","","",0.0,0
52.3988466600622,12.9721900747664,0,"","","",0.0,0
52.3988466600622,12.9795435804561,0,"","","",0.0,0
52.3988466600622,12.9868970843238,0,"","","",0.0,0
52.3988466600622,12.9942505862176,0,"","","",0.0,0
52.3988466600622,13.0016040859858,0,"","","",0.0,0
52.3988466600622,13.0089575834766,0,"","","",0.0,0
52.3988466600622,13.0163110785379,0,"","","",0.0,0
52.3988466600622,13.0236645710182,0,"","","",0.0,0
52.3988466600622,13.0310180607654,1,ja=1,musumappa=1,サンスージ宮殿内にある中国茶館=1,0.0,0
52.3988466600622,13.0383715476279,0,"","","",0.0,0
52.3988466600622,13.0457250314537,1,"",rgoldmann=1,brandenburger=1 tor=1,0.0,0
52.3988466600622,13.053078512091,5,en=2 de=2 sq=1,BloodyFox13=2 theidmann=1 krusepp=1 genscha=1,fsj=2 riesenmesser=1 angekommennun=1 hairkiller=1 zeitsin=1,0.0,0
52.3988466600622,13.060431989388,3,de=2 pt=1,JBertissolli=1 RobyBSC1892=1 MrPelz=1,latte=1 oooooooooooooi=1 morgen=1 bitte=1 guten=1,0.0,0
52.3988466600622,13.0677854631929,0,"","","",0.0,0
52.3988466600622,13.0751389333538,0,"","","",0.0,0
52.3988466600622,13.082492399719,0,"","","",0.0,0
52.3988466600622,13.0898458621365,0,"","","",0.0,0
52.3988466600622,13.0971993204547,0,"","","",0.0,0
52.3988466600622,13.1045527745215,1,de=1,onkelronny=1,frühstück=1 family=1 wunderschön=1 schön=1 grünen=1,0.0,0
52.3988466600622,13.1119062241853,0,"","","",0.0,0
52.3988466600622,13.1192596692941,0,"","","",0.0,0
52.3988466600622,13.1266131096963,0,"","","",0.0,0
52.3988466600622,13.1339665452399,0,"","","",0.0,0
52.3988466600622,13.1413199757731,1,de=1,snowflakeonair=1,thahaha=1 ansgar=1 fake=1 gefolgt=1,0.0,0
52.3988466600622,13.1486734011441,0,"","","",0.0,0
52.3988466600622,13.1560268212011,0,"","","",0.0,0
52.3988466600622,13.1633802357922,0,"","","",0.0,0
52.3988466600622,13.1707336447657,0,"","","",0.0,0
52.3988466600622,13.1780870479698,0,"","","",0.0,0
52.3988466600622,13.1854404452525,0,"","","",0.0,0
52.4033391974318,12.8986553259291,0,"","","",0.0,0
52.4033391974318,12.9060088414879,0,"","","",0.0,0
52.4033391974318,12.9133623567431,0,"","","",0.0,0
52.4033391974318,12.9207158715428,0,"","","",0.0,0
52.4033391974318,12.9280693857351,0,"","","",0.0,0
52.4033391974318,12.9354228991683,0,"","","",0.0,0
52.4033391974318,12.9427764116905,0,"","","",0.0,0
52.4033391974318,12.9501299231499,0,"","","",0.0,0
52.4033391974318,12.9574834333946,0,"","","",0.0,0
52.4033391974318,12.9648369422728,0,"","","",0.0,0
52.4033391974318,12.9721904496326,0,"","","",0.0,0
52.4033391974318,12.9795439553223,0,"","","",0.0,0
52.4033391974318,12.98689745919,0,"","","",0.0,0
52.4033391974318,12.9942509610839,1,de=1,cervus=1,überbewertet=1 neuebescheidenheit=1 privatflughäfen=1,0.0,0
52.4033391974318,13.0016044608521,0,"","","",0.0,0
52.4033391974318,13.0089579583428,2,de=2,writingwoman=1 maxbuon=1,moin=2 erst=1 lust=1 universität=1 paris=1,0.0,0
52.4033391974318,13.0163114534042,2,en=2,SebSemmi=2,game=2 lc=2 lost=1 nice=1 won=1,1.0,1.0
52.4033391974318,13.0236649458844,0,"","","",0.0,0
52.4033391974318,13.0310184356316,2,en=1 de=1,waldrebe=2,create=1 europeans=1 schäuble=1 galarahmen=1 raphaelsaal=1,0.0,0
52.4033391974318,13.0383719224941,5,sv=3 ja=1,theidmann=2 rgoldmann=1 Valdocco_=1 musumappa=1,sanssouci=4 schloss=1 Потстдаме=1 ロココ様式とか言うのらしい=1 Парк=1,0.0,0
52.4033391974318,13.0457254063199,3,de=2 en=1,xxlhonk=2 MaHa583=1,pino=2 besten=1 laut=1 offener=1 feierabendverkehr=1,0.0,0
52.4033391974318,13.0530788869572,1,de=1,xxlhonk=1,ff=3 fast=2 hätte=1 kultschalker=1 vergessen=1,0.0,0
52.4033391974318,13.0604323642542,8,de=4 it=2 en=1,xxlhonk=4 quangVFX=1 pelle2011=1 deceze=1 we_make_design=1,café=1 hindernissen=1 we're=1 habitat=1 mahlzeit=1,0.0,0
52.4033391974318,13.0677858380591,3,es=1 de=1,pelle2011=2 Rubenchox82=1,machst=1 heute=1 schönen=1 pues=1 salud=1,0.0,0
52.4033391974318,13.07513930822,4,en=1 es=1 de=1,Rubenchox82=1 Mrrtian=1 nerdgore=1 fabnie=1,nos=2 movie=1 floreros=1 agentenaustausch=1 oh=1,3.0,3
52.4033391974318,13.0824927745852,1,en=1,we_make_design=1,we're=1 motorboat=1 jungfernsee=1,0.0,0
52.4033391974318,13.0898462370028,0,"","","",0.0,0
52.4033391974318,13.0971996953209,0,"","","",0.0,0
52.4033391974318,13.1045531493877,0,"","","",0.0,0
52.4033391974318,13.1119065990515,0,"","","",0.0,0
52.4033391974318,13.1192600441604,0,"","","",0.0,0
52.4033391974318,13.1266134845625,1,en=1,Ilaydaacars=1,"",0.0,0
52.4033391974318,13.1339669201061,0,"","","",0.0,0
52.4033391974318,13.1413203506393,1,en=1,we_make_design=1,werner=1 fremdkoerper=1 always=1 niedermeier=1 crowded=1,0.0,0
52.4033391974318,13.1486737760103,0,"","","",0.0,0
52.4033391974318,13.1560271960673,0,"","","",0.0,0
52.4033391974318,13.1633806106584,0,"","","",0.0,0
52.4033391974318,13.1707340196319,0,"","","",0.0,0
52.4033391974318,13.178087422836,0,"","","",0.0,0
52.4033391974318,13.1854408201187,0,"","","",0.0,0
52.4078317348015,12.8986557008943,0,"","","",0.0,0
52.4078317348015,12.9060092164531,0,"","","",0.0,0
52.4078317348015,12.9133627317083,0,"","","",0.0,0
52.4078317348015,12.920716246508,0,"","","",0.0,0
52.4078317348015,12.9280697607004,0,"","","",0.0,0
52.4078317348015,12.9354232741336,0,"","","",0.0,0
52.4078317348015,12.9427767866557,0,"","","",0.0,0
52.4078317348015,12.9501302981151,0,"","","",0.0,0
52.4078317348015,12.9574838083598,0,"","","",0.0,0
52.4078317348015,12.964837317238,0,"","","",0.0,0
52.4078317348015,12.9721908245978,2,de=2,TinaFasshauer=1 nida78=1,bereröffnung=1 verschoben=1 oktober=1 herren=1 universitätssporthalle=1,0.0,0
52.4078317348015,12.9795443302875,0,"","","",0.0,0
52.4078317348015,12.9868978341552,0,"","","",0.0,0
52.4078317348015,12.9942513360491,0,"","","",0.0,0
52.4078317348015,13.0016048358173,0,"","","",0.0,0
52.4078317348015,13.008958333308,0,"","","",0.0,0
52.4078317348015,13.0163118283694,0,"","","",0.0,0
52.4078317348015,13.0236653208496,0,"","","",0.0,0
52.4078317348015,13.0310188105968,3,de=3,waldrebe=3,m=2 mittel=1 europäischen=1 statt=1 nationen=1,0.0,0
52.4078317348015,13.0383722974593,0,"","","",0.0,0
52.4078317348015,13.0457257812851,5,de=4 en=1,xxlhonk=4 SebSemmi=1,immer=3 alk=2 fußball=1 lc=1 wusste=1,-3.0,-3
52.4078317348015,13.0530792619224,1,de=1,DavidOderSo=1,heute=1 pirna=1 midnight=1 ted=1 movie=1,0.0,0
52.4078317348015,13.0604327392194,0,"","","",0.0,0
52.4078317348015,13.0677862130243,1,de=1,pelle2011=1,schöne=1 woche=1,0.0,0
52.4078317348015,13.0751396831853,1,"",waldrebe=1,abendwetter=1 schäuble=1 colloquium=1 mildem=1 dank=1,0.0,0
52.4078317348015,13.0824931495504,0,"","","",0.0,0
52.4078317348015,13.089846611968,0,"","","",0.0,0
52.4078317348015,13.0972000702861,1,de=1,markusmaxen=1,bürgershof=1 fahrradtour=1,0.0,0
52.4078317348015,13.1045535243529,0,"","","",0.0,0
52.4078317348015,13.1119069740167,0,"","","",0.0,0
52.4078317348015,13.1192604191256,0,"","","",0.0,0
52.4078317348015,13.1266138595277,0,"","","",0.0,0
52.4078317348015,13.1339672950713,0,"","","",0.0,0
52.4078317348015,13.1413207256045,0,"","","",0.0,0
52.4078317348015,13.1486741509755,1,es=1,boriscepeda=1,sufridores=1 país=1 vendepatrias=1 un=1 penal=1,0.0,0
52.4078317348015,13.1560275710325,0,"","","",0.0,0
52.4078317348015,13.1633809856236,0,"","","",0.0,0
52.4078317348015,13.1707343945971,0,"","","",0.0,0
52.4078317348015,13.1780877978012,0,"","","",0.0,0
52.4078317348015,13.1854411950839,0,"","","",0.0,0
52.4123242721711,12.8986560759585,0,"","","",0.0,0
52.4123242721711,12.9060095915173,0,"","","",0.0,0
52.4123242721711,12.9133631067725,0,"","","",0.0,0
52.4123242721711,12.9207166215722,0,"","","",0.0,0
52.4123242721711,12.9280701357646,0,"","","",0.0,0
52.4123242721711,12.9354236491978,0,"","","",0.0,0
52.4123242721711,12.94277716172,0,"","","",0.0,0
52.4123242721711,12.9501306731793,0,"","","",0.0,0
52.4123242721711,12.957484183424,0,"","","",0.0,0
52.4123242721711,12.9648376923022,0,"","","",0.0,0
52.4123242721711,12.972191199662,0,"","","",0.0,0
52.4123242721711,12.9795447053517,0,"","","",0.0,0
52.4123242721711,12.9868982092194,0,"","","",0.0,0
52.4123242721711,12.9942517111133,0,"","","",0.0,0
52.4123242721711,13.0016052108815,0,"","","",0.0,0
52.4123242721711,13.0089587083722,0,"","","",0.0,0
52.4123242721711,13.0163122034336,0,"","","",0.0,0
52.4123242721711,13.0236656959138,0,"","","",0.0,0
52.4123242721711,13.0310191856611,0,"","","",0.0,0
52.4123242721711,13.0383726725235,2,de=2,Nils_Lange=2,optifist=2 kunden=1 testen=1 blogs=1 wünsche=1,0.0,0
52.4123242721711,13.0457261563493,0,"","","",0.0,0
52.4123242721711,13.0530796369866,0,"","","",0.0,0
52.4123242721711,13.0604331142837,0,"","","",0.0,0
52.4123242721711,13.0677865880885,1,de=1,the_haend=1,abgelehnt=1,0.0,0
52.4123242721711,13.0751400582495,1,en=1,angelpage=1,test=1,0.0,0
52.4123242721711,13.0824935246146,0,"","","",0.0,0
52.4123242721711,13.0898469870322,6,en=5 de=1,veroniqueschyns=2 lesliepumm=1 xxlhonk=1 rgoldmann=1 theidmann=1,glienicker=2 brücke=2 villa=2 berlin=2 schöningen=2,0.0,0
52.4123242721711,13.0972004453503,3,en=1 nl=1 de=1,veroniqueschyns=3,last=2 speech=2 ideeën=1 netwerken=1 summit=1,0.0,0
52.4123242721711,13.1045538994172,0,"","","",0.0,0
52.4123242721711,13.1119073490809,0,"","","",0.0,0
52.4123242721711,13.1192607941898,0,"","","",0.0,0
52.4123242721711,13.1266142345919,0,"","","",0.0,0
52.4123242721711,13.1339676701355,0,"","","",0.0,0
52.4123242721711,13.1413211006687,0,"","","",0.0,0
52.4123242721711,13.1486745260397,0,"","","",0.0,0
52.4123242721711,13.1560279460967,0,"","","",0.0,0
52.4123242721711,13.1633813606879,0,"","","",0.0,0
52.4123242721711,13.1707347696614,0,"","","",0.0,0
52.4123242721711,13.1780881728654,0,"","","",0.0,0
52.4123242721711,13.1854415701481,0,"","","",0.0,0
52.4168168095408,12.8986564511218,0,"","","",0.0,0
52.4168168095408,12.9060099666806,0,"","","",0.0,0
52.4168168095408,12.9133634819358,1,de=1,MakaberMKM=1,vadda=1 erzählt=1 insiderstorys=1 schneider=1 werbung=1,0.0,0
52.4168168095408,12.9207169967355,0,"","","",0.0,0
52.4168168095408,12.9280705109279,0,"","","",0.0,0
52.4168168095408,12.9354240243611,1,de=1,Freitag24=1,nattwerder=1 wublitzbrücke=1,0.0,0
52.4168168095408,12.9427775368833,0,"","","",0.0,0
52.4168168095408,12.9501310483426,0,"","","",0.0,0
52.4168168095408,12.9574845585873,0,"","","",0.0,0
52.4168168095408,12.9648380674655,0,"","","",0.0,0
52.4168168095408,12.9721915748253,1,de=1,atdotde=1,institut=1 lebensm=1 albert=1 jahre=1 max=1,0.0,0
52.4168168095408,12.979545080515,0,"","","",0.0,0
52.4168168095408,12.9868985843827,0,"","","",0.0,0
52.4168168095408,12.9942520862766,0,"","","",0.0,0
52.4168168095408,13.0016055860448,0,"","","",0.0,0
52.4168168095408,13.0089590835355,0,"","","",0.0,0
52.4168168095408,13.0163125785969,0,"","","",0.0,0
52.4168168095408,13.0236660710771,0,"","","",0.0,0
52.4168168095408,13.0310195608244,0,"","","",0.0,0
52.4168168095408,13.0383730476868,0,"","","",0.0,0
52.4168168095408,13.0457265315126,1,de=1,groundhog2k=1,bugapark=1 wasserbecken=1 brandenburg=1,0.0,0
52.4168168095408,13.0530800121499,0,"","","",0.0,0
52.4168168095408,13.0604334894469,0,"","","",0.0,0
52.4168168095408,13.0677869632518,1,ja=1,musumappa=1,ツェツィーリエンホーフ宮殿なう。ポツダム宣言が行われた場所=1,0.0,0
52.4168168095408,13.0751404334128,0,"","","",0.0,0
52.4168168095408,13.0824938997779,1,en=1,veroniqueschyns=1,professor=1 feared=1 always=1 listening=1 li=1,-4.0,-4
52.4168168095408,13.0898473621955,1,nl=1,veroniqueschyns=1,ben=1 niet=1 ik=1 helaas=1 kijken=1,0.0,0
52.4168168095408,13.0972008205136,0,"","","",0.0,0
52.4168168095408,13.1045542745804,0,"","","",0.0,0
52.4168168095408,13.1119077242442,0,"","","",0.0,0
52.4168168095408,13.1192611693531,0,"","","",0.0,0
52.4168168095408,13.1266146097552,0,"","","",0.0,0
52.4168168095408,13.1339680452988,0,"","","",0.0,0
52.4168168095408,13.141321475832,0,"","","",0.0,0
52.4168168095408,13.148674901203,0,"","","",0.0,0
52.4168168095408,13.15602832126,2,"",BerlinPolitics=1 atomius=1,free=2 using=1 send=1 calls=1 iphone=1,0.0,0
52.4168168095408,13.1633817358512,0,"","","",0.0,0
52.4168168095408,13.1707351448247,0,"","","",0.0,0
52.4168168095408,13.1780885480287,0,"","","",0.0,0
52.4168168095408,13.1854419453114,0,"","","",0.0,0
52.4213093469307,12.8986568264174,0,"","","",0.0,0
52.4213093469307,12.9060103419763,0,"","","",0.0,0
52.4213093469307,12.9133638572315,0,"","","",0.0,0
52.4213093469307,12.9207173720312,0,"","","",0.0,0
52.4213093469307,12.9280708862235,0,"","","",0.0,0
52.4213093469307,12.9354243996567,1,de=1,PeanutMR=1,eindeutig=1 prageinkauscenterflorà=1 stimmen=1 proportionen=1,0.0,0
52.4213093469307,12.9427779121789,0,"","","",0.0,0
52.4213093469307,12.9501314236382,0,"","","",0.0,0
52.4213093469307,12.9574849338829,0,"","","",0.0,0
52.4213093469307,12.9648384427611,0,"","","",0.0,0
52.4213093469307,12.972191950121,0,"","","",0.0,0
52.4213093469307,12.9795454558107,0,"","","",0.0,0
52.4213093469307,12.9868989596784,0,"","","",0.0,0
52.4213093469307,12.9942524615722,0,"","","",0.0,0
52.4213093469307,13.0016059613404,0,"","","",0.0,0
52.4213093469307,13.0089594588311,0,"","","",0.0,0
52.4213093469307,13.0163129538925,0,"","","",0.0,0
52.4213093469307,13.0236664463728,0,"","","",0.0,0
52.4213093469307,13.03101993612,0,"","","",0.0,0
52.4213093469307,13.0383734229824,0,"","","",0.0,0
52.4213093469307,13.0457269068082,0,"","","",0.0,0
52.4213093469307,13.0530803874456,0,"","","",0.0,0
52.4213093469307,13.0604338647426,0,"","","",0.0,0
52.4213093469307,13.0677873385475,13,nl=5 en=4 de=2,veroniqueschyns=11 theidmann=1 genscha=1,niet=3 interesting=3 maar=3 het=2 little=2,5.16666666666667,5.0
52.4213093469307,13.0751408087084,1,"",musumappa=1,ちょうどこの真ん中に映ってる部屋でポツダム会談が行われたらしい=1,0.0,0
52.4213093469307,13.0824942750736,0,"","","",0.0,0
52.4213093469307,13.0898477374911,0,"","","",0.0,0
52.4213093469307,13.0972011958092,0,"","","",0.0,0
52.4213093469307,13.1045546498761,0,"","","",0.0,0
52.4213093469307,13.1119080995399,0,"","","",0.0,0
52.4213093469307,13.1192615446487,0,"","","",0.0,0
52.4213093469307,13.1266149850509,0,"","","",0.0,0
52.4213093469307,13.1339684205944,0,"","","",0.0,0
52.4213093469307,13.1413218511276,0,"","","",0.0,0
52.4213093469307,13.1486752764986,0,"","","",0.0,0
52.4213093469307,13.1560286965556,0,"","","",0.0,0
52.4213093469307,13.1633821111468,2,en=1 de=1,DCI77=1 BerlinPolitics=1,models…=1 magazine=1 german=1 schöne=1 decision=1,0.0,0
52.4213093469307,13.1707355201203,0,"","","",0.0,0
52.4213093469307,13.1780889233243,0,"","","",0.0,0
52.4213093469307,13.1854423206071,0,"","","",0.0,0
52.42580188428,12.8986572017457,0,"","","",0.0,0
52.42580188428,12.9060107173045,0,"","","",0.0,0
52.42580188428,12.9133642325597,0,"","","",0.0,0
52.42580188428,12.9207177473594,0,"","","",0.0,0
52.42580188428,12.9280712615518,0,"","","",0.0,0
52.42580188428,12.935424774985,0,"","","",0.0,0
52.42580188428,12.9427782875072,0,"","","",0.0,0
52.42580188428,12.9501317989665,0,"","","",0.0,0
52.42580188428,12.9574853092112,0,"","","",0.0,0
52.42580188428,12.9648388180894,0,"","","",0.0,0
52.42580188428,12.9721923254492,0,"","","",0.0,0
52.42580188428,12.9795458311389,0,"","","",0.0,0
52.42580188428,12.9868993350066,0,"","","",0.0,0
52.42580188428,12.9942528369005,0,"","","",0.0,0
52.42580188428,13.0016063366687,0,"","","",0.0,0
52.42580188428,13.0089598341594,0,"","","",0.0,0
52.42580188428,13.0163133292208,0,"","","",0.0,0
52.42580188428,13.023666821701,0,"","","",0.0,0
52.42580188428,13.0310203114483,0,"","","",0.0,0
52.42580188428,13.0383737983107,0,"","","",0.0,0
52.42580188428,13.0457272821365,0,"","","",0.0,0
52.42580188428,13.0530807627738,0,"","","",0.0,0
52.42580188428,13.0604342400708,0,"","","",0.0,0
52.42580188428,13.0677877138757,0,"","","",0.0,0
52.42580188428,13.0751411840367,0,"","","",0.0,0
52.42580188428,13.0824946504018,0,"","","",0.0,0
52.42580188428,13.0898481128194,0,"","","",0.0,0
52.42580188428,13.0972015711375,0,"","","",0.0,0
52.42580188428,13.1045550252043,1,"",we_make_design=1,schwanenwerder=1 brangelinas=1,0.0,0
52.42580188428,13.1119084748681,0,"","","",0.0,0
52.42580188428,13.119261919977,0,"","","",0.0,0
52.42580188428,13.1266153603791,0,"","","",0.0,0
52.42580188428,13.1339687959227,0,"","","",0.0,0
52.42580188428,13.1413222264559,0,"","","",0.0,0
52.42580188428,13.1486756518269,0,"","","",0.0,0
52.42580188428,13.1560290718839,1,en=1,wdt_b=1,reittherapiezentrum=1,0.0,0
52.42580188428,13.163382486475,1,de=1,BerlinPolitics=1,heute=1 beginnt=1 konstituierende=1 hashtag=1 liveticker=1,0.0,0
52.42580188428,13.1707358954486,0,"","","",0.0,0
52.42580188428,13.1780892986526,0,"","","",0.0,0
52.42580188428,13.1854426959353,0,"","","",0.0,0
52.4302944216497,12.8986575772064,0,"","","",0.0,0
52.4302944216497,12.9060110927652,0,"","","",0.0,0
52.4302944216497,12.9133646080204,0,"","","",0.0,0
52.4302944216497,12.9207181228201,0,"","","",0.0,0
52.4302944216497,12.9280716370125,0,"","","",0.0,0
52.4302944216497,12.9354251504456,0,"","","",0.0,0
52.4302944216497,12.9427786629678,0,"","","",0.0,0
52.4302944216497,12.9501321744272,0,"","","",0.0,0
52.4302944216497,12.9574856846719,0,"","","",0.0,0
52.4302944216497,12.9648391935501,0,"","","",0.0,0
52.4302944216497,12.9721927009099,0,"","","",0.0,0
52.4302944216497,12.9795462065996,0,"","","",0.0,0
52.4302944216497,12.9868997104673,0,"","","",0.0,0
52.4302944216497,12.9942532123612,0,"","","",0.0,0
52.4302944216497,13.0016067121294,0,"","","",0.0,0
52.4302944216497,13.0089602096201,0,"","","",0.0,0
52.4302944216497,13.0163137046815,0,"","","",0.0,0
52.4302944216497,13.0236671971617,0,"","","",0.0,0
52.4302944216497,13.0310206869089,114,de=58 en=17 ru=14 it=3 zh=2 nb=2 et=1 sv=1 id=1,SebSemmi=38 xIAmFamous=16 NokiaLera=16 MusinaMaria=6 sebroeder=4 ahlbaeck=4 AxelNennker=3 Orz_zai=3 tatjanameissner=2 fjoelnir=2,immer=7 ja=6 на=6 ты=5 berlin=4,-0.2,2
52.4302944216497,13.0383741737714,0,"","","",0.0,0
52.4302944216497,13.0457276575972,0,"","","",0.0,0
52.4302944216497,13.0530811382345,0,"","","",0.0,0
52.4302944216497,13.0604346155315,0,"","","",0.0,0
52.4302944216497,13.0677880893364,0,"","","",0.0,0
52.4302944216497,13.0751415594974,0,"","","",0.0,0
52.4302944216497,13.0824950258625,0,"","","",0.0,0
52.4302944216497,13.0898484882801,0,"","","",0.0,0
52.4302944216497,13.0972019465982,0,"","","",0.0,0
52.4302944216497,13.104555400665,0,"","","",0.0,0
52.4302944216497,13.1119088503288,0,"","","",0.0,0
52.4302944216497,13.1192622954377,1,de=1,SoDoMedia=1,sonntagsausflug=1 pfaueninsel=1 grüne=1,0.0,0
52.4302944216497,13.1266157358398,0,"","","",0.0,0
52.4302944216497,13.1339691713834,0,"","","",0.0,0
52.4302944216497,13.1413226019166,0,"","","",0.0,0
52.4302944216497,13.1486760272876,0,"","","",0.0,0
52.4302944216497,13.1560294473446,0,"","","",0.0,0
52.4302944216497,13.1633828619357,0,"","","",0.0,0
52.4302944216497,13.1707362709092,0,"","","",0.0,0
52.4302944216497,13.1780896741133,0,"","","",0.0,0
52.4302944216497,13.185443071396,0,"","","",0.0,0
52.4347869590193,12.8986579527662,0,"","","",0.0,0
52.4347869590193,12.9060114683251,0,"","","",0.0,0
52.4347869590193,12.9133649835803,0,"","","",0.0,0
52.4347869590193,12.92071849838,0,"","","",0.0,0
52.4347869590193,12.9280720125723,0,"","","",0.0,0
52.4347869590193,12.9354255260055,0,"","","",0.0,0
52.4347869590193,12.9427790385277,0,"","","",0.0,0
52.4347869590193,12.9501325499871,0,"","","",0.0,0
52.4347869590193,12.9574860602318,0,"","","",0.0,0
52.4347869590193,12.9648395691099,0,"","","",0.0,0
52.4347869590193,12.9721930764698,0,"","","",0.0,0
52.4347869590193,12.9795465821595,0,"","","",0.0,0
52.4347869590193,12.9869000860272,0,"","","",0.0,0
52.4347869590193,12.994253587921,0,"","","",0.0,0
52.4347869590193,13.0016070876892,0,"","","",0.0,0
52.4347869590193,13.00896058518,0,"","","",0.0,0
52.4347869590193,13.0163140802413,0,"","","",0.0,0
52.4347869590193,13.0236675727216,0,"","","",0.0,0
52.4347869590193,13.0310210624688,0,"","","",0.0,0
52.4347869590193,13.0383745493313,0,"","","",0.0,0
52.4347869590193,13.0457280331571,0,"","","",0.0,0
52.4347869590193,13.0530815137944,1,de=1,xxlhonk=1,wirklich=1 überholen=1 zügig=1 verkehr=1 fußgänger=1,0.0,0
52.4347869590193,13.0604349910914,0,"","","",0.0,0
52.4347869590193,13.0677884648963,0,"","","",0.0,0
52.4347869590193,13.0751419350572,0,"","","",0.0,0
52.4347869590193,13.0824954014224,0,"","","",0.0,0
52.4347869590193,13.0898488638399,0,"","","",0.0,0
52.4347869590193,13.0972023221581,0,"","","",0.0,0
52.4347869590193,13.1045557762249,0,"","","",0.0,0
52.4347869590193,13.1119092258887,0,"","","",0.0,0
52.4347869590193,13.1192626709975,0,"","","",0.0,0
52.4347869590193,13.1266161113997,0,"","","",0.0,0
52.4347869590193,13.1339695469433,0,"","","",0.0,0
52.4347869590193,13.1413229774765,0,"","","",0.0,0
52.4347869590193,13.1486764028475,0,"","","",0.0,0
52.4347869590193,13.1560298229045,0,"","","",0.0,0
52.4347869590193,13.1633832374956,1,"",JeffreySilver99=1,conference=1 haus=1 wannseekonferenz=1 neverforget=1  house=1,0.0,0
52.4347869590193,13.1707366464691,0,"","","",0.0,0
52.4347869590193,13.1780900496731,0,"","","",0.0,0
52.4347869590193,13.1854434469559,0,"","","",0.0,0
52.4392794963889,12.8986583284254,0,"","","",0.0,0
52.4392794963889,12.9060118439842,0,"","","",0.0,0
52.4392794963889,12.9133653592394,0,"","","",0.0,0
52.4392794963889,12.9207188740391,0,"","","",0.0,0
52.4392794963889,12.9280723882314,0,"","","",0.0,0
52.4392794963889,12.9354259016646,0,"","","",0.0,0
52.4392794963889,12.9427794141868,0,"","","",0.0,0
52.4392794963889,12.9501329256462,0,"","","",0.0,0
52.4392794963889,12.9574864358909,0,"","","",0.0,0
52.4392794963889,12.9648399447691,0,"","","",0.0,0
52.4392794963889,12.9721934521289,0,"","","",0.0,0
52.4392794963889,12.9795469578186,0,"","","",0.0,0
52.4392794963889,12.9869004616863,0,"","","",0.0,0
52.4392794963889,12.9942539635801,0,"","","",0.0,0
52.4392794963889,13.0016074633484,0,"","","",0.0,0
52.4392794963889,13.0089609608391,0,"","","",0.0,0
52.4392794963889,13.0163144559005,0,"","","",0.0,0
52.4392794963889,13.0236679483807,0,"","","",0.0,0
52.4392794963889,13.0310214381279,0,"","","",0.0,0
52.4392794963889,13.0383749249904,0,"","","",0.0,0
52.4392794963889,13.0457284088162,2,de=2,xxlhonk=2,stau=1 einspurig=1 min=1 erzeugen=1 stark=1,0.0,0
52.4392794963889,13.0530818894535,0,"","","",0.0,0
52.4392794963889,13.0604353667505,0,"","","",0.0,0
52.4392794963889,13.0677888405554,3,de=3,schmarsten=3,wald=3 große=1 buch=1 spinne=1 nen=1,0.0,0
52.4392794963889,13.0751423107163,0,"","","",0.0,0
52.4392794963889,13.0824957770815,0,"","","",0.0,0
52.4392794963889,13.0898492394991,0,"","","",0.0,0
52.4392794963889,13.0972026978172,0,"","","",0.0,0
52.4392794963889,13.104556151884,0,"","","",0.0,0
52.4392794963889,13.1119096015478,0,"","","",0.0,0
52.4392794963889,13.1192630466567,0,"","","",0.0,0
52.4392794963889,13.1266164870588,0,"","","",0.0,0
52.4392794963889,13.1339699226024,0,"","","",0.0,0
52.4392794963889,13.1413233531356,0,"","","",0.0,0
52.4392794963889,13.1486767785066,0,"","","",0.0,0
52.4392794963889,13.1560301985636,0,"","","",0.0,0
52.4392794963889,13.1633836131547,0,"","","",0.0,0
52.4392794963889,13.1707370221282,0,"","","",0.0,0
52.4392794963889,13.1780904253323,0,"","","",0.0,0
52.4392794963889,13.185443822615,0,"","","",0.0,0
52.4437720337585,12.8986587041837,0,"","","",0.0,0
52.4437720337585,12.9060122197426,0,"","","",0.0,0
52.4437720337585,12.9133657349978,0,"","","",0.0,0
52.4437720337585,12.9207192497975,0,"","","",0.0,0
52.4437720337585,12.9280727639898,0,"","","",0.0,0
52.4437720337585,12.935426277423,0,"","","",0.0,0
52.4437720337585,12.9427797899452,0,"","","",0.0,0
52.4437720337585,12.9501333014046,0,"","","",0.0,0
52.4437720337585,12.9574868116493,0,"","","",0.0,0
52.4437720337585,12.9648403205274,0,"","","",0.0,0
52.4437720337585,12.9721938278873,0,"","","",0.0,0
52.4437720337585,12.979547333577,0,"","","",0.0,0
52.4437720337585,12.9869008374447,0,"","","",0.0,0
52.4437720337585,12.9942543393385,0,"","","",0.0,0
52.4437720337585,13.0016078391067,0,"","","",0.0,0
52.4437720337585,13.0089613365975,0,"","","",0.0,0
52.4437720337585,13.0163148316588,0,"","","",0.0,0
52.4437720337585,13.0236683241391,0,"","","",0.0,0
52.4437720337585,13.0310218138863,0,"","","",0.0,0
52.4437720337585,13.0383753007488,0,"","","",0.0,0
52.4437720337585,13.0457287845746,0,"","","",0.0,0
52.4437720337585,13.0530822652119,0,"","","",0.0,0
52.4437720337585,13.0604357425089,0,"","","",0.0,0
52.4437720337585,13.0677892163138,0,"","","",0.0,0
52.4437720337585,13.0751426864747,0,"","","",0.0,0
52.4437720337585,13.0824961528399,0,"","","",0.0,0
52.4437720337585,13.0898496152574,0,"","","",0.0,0
52.4437720337585,13.0972030735756,0,"","","",0.0,0
52.4437720337585,13.1045565276424,0,"","","",0.0,0
52.4437720337585,13.1119099773062,0,"","","",0.0,0
52.4437720337585,13.119263422415,0,"","","",0.0,0
52.4437720337585,13.1266168628172,0,"","","",0.0,0
52.4437720337585,13.1339702983608,0,"","","",0.0,0
52.4437720337585,13.141323728894,0,"","","",0.0,0
52.4437720337585,13.148677154265,0,"","","",0.0,0
52.4437720337585,13.156030574322,0,"","","",0.0,0
52.4437720337585,13.1633839889131,0,"","","",0.0,0
52.4437720337585,13.1707373978866,0,"","","",0.0,0
52.4437720337585,13.1780908010907,0,"","","",0.0,0
52.4437720337585,13.1854441983734,0,"","","",0.0,0
52.4482645711282,12.8986590800414,0,"","","",0.0,0
52.4482645711282,12.9060125956003,0,"","","",0.0,0
52.4482645711282,12.9133661108555,0,"","","",0.0,0
52.4482645711282,12.9207196256552,0,"","","",0.0,0
52.4482645711282,12.9280731398475,0,"","","",0.0,0
52.4482645711282,12.9354266532807,0,"","","",0.0,0
52.4482645711282,12.9427801658029,0,"","","",0.0,0
52.4482645711282,12.9501336772623,0,"","","",0.0,0
52.4482645711282,12.9574871875069,0,"","","",0.0,0
52.4482645711282,12.9648406963851,0,"","","",0.0,0
52.4482645711282,12.972194203745,0,"","","",0.0,0
52.4482645711282,12.9795477094347,0,"","","",0.0,0
52.4482645711282,12.9869012133024,0,"","","",0.0,0
52.4482645711282,12.9942547151962,0,"","","",0.0,0
52.4482645711282,13.0016082149644,0,"","","",0.0,0
52.4482645711282,13.0089617124551,0,"","","",0.0,0
52.4482645711282,13.0163152075165,0,"","","",0.0,0
52.4482645711282,13.0236686999968,0,"","","",0.0,0
52.4482645711282,13.031022189744,0,"","","",0.0,0
52.4482645711282,13.0383756766065,0,"","","",0.0,0
52.4482645711282,13.0457291604322,0,"","","",0.0,0
52.4482645711282,13.0530826410696,0,"","","",0.0,0
52.4482645711282,13.0604361183666,0,"","","",0.0,0
52.4482645711282,13.0677895921715,0,"","","",0.0,0
52.4482645711282,13.0751430623324,0,"","","",0.0,0
52.4482645711282,13.0824965286976,0,"","","",0.0,0
52.4482645711282,13.0898499911151,0,"","","",0.0,0
52.4482645711282,13.0972034494332,0,"","","",0.0,0
52.4482645711282,13.1045569035001,0,"","","",0.0,0
52.4482645711282,13.1119103531639,0,"","","",0.0,0
52.4482645711282,13.1192637982727,0,"","","",0.0,0
52.4482645711282,13.1266172386749,0,"","","",0.0,0
52.4482645711282,13.1339706742184,0,"","","",0.0,0
52.4482645711282,13.1413241047516,0,"","","",0.0,0
52.4482645711282,13.1486775301227,0,"","","",0.0,0
52.4482645711282,13.1560309501796,0,"","","",0.0,0
52.4482645711282,13.1633843647708,0,"","","",0.0,0
52.4482645711282,13.1707377737443,1,de=1,ManuBSC1=1,schwanenwerder=1,0.0,0
52.4482645711282,13.1780911769483,0,"","","",0.0,0
52.4482645711282,13.1854445742311,0,"","","",0.0,0
52.4527571084978,12.8986594559985,0,"","","",0.0,0
52.4527571084978,12.9060129715573,0,"","","",0.0,0
52.4527571084978,12.9133664868125,0,"","","",0.0,0
52.4527571084978,12.9207200016122,0,"","","",0.0,0
52.4527571084978,12.9280735158046,0,"","","",0.0,0
52.4527571084978,12.9354270292378,0,"","","",0.0,0
52.4527571084978,12.9427805417599,0,"","","",0.0,0
52.4527571084978,12.9501340532193,0,"","","",0.0,0
52.4527571084978,12.957487563464,0,"","","",0.0,0
52.4527571084978,12.9648410723422,0,"","","",0.0,0
52.4527571084978,12.972194579702,0,"","","",0.0,0
52.4527571084978,12.9795480853917,0,"","","",0.0,0
52.4527571084978,12.9869015892594,0,"","","",0.0,0
52.4527571084978,12.9942550911533,0,"","","",0.0,0
52.4527571084978,13.0016085909215,0,"","","",0.0,0
52.4527571084978,13.0089620884122,0,"","","",0.0,0
52.4527571084978,13.0163155834736,0,"","","",0.0,0
52.4527571084978,13.0236690759538,0,"","","",0.0,0
52.4527571084978,13.031022565701,0,"","","",0.0,0
52.4527571084978,13.0383760525635,0,"","","",0.0,0
52.4527571084978,13.0457295363893,0,"","","",0.0,0
52.4527571084978,13.0530830170266,0,"","","",0.0,0
52.4527571084978,13.0604364943236,0,"","","",0.0,0
52.4527571084978,13.0677899681285,0,"","","",0.0,0
52.4527571084978,13.0751434382895,0,"","","",0.0,0
52.4527571084978,13.0824969046546,0,"","","",0.0,0
52.4527571084978,13.0898503670722,0,"","","",0.0,0
52.4527571084978,13.0972038253903,0,"","","",0.0,0
52.4527571084978,13.1045572794571,1,"",bremski=1,sacrower=1 Üdylle=1,0.0,0
52.4527571084978,13.1119107291209,1,en=1,gdawg76=1,exercising=1 km=1 endomondo=1,0.0,0
52.4527571084978,13.1192641742298,0,"","","",0.0,0
52.4527571084978,13.1266176146319,0,"","","",0.0,0
52.4527571084978,13.1339710501755,0,"","","",0.0,0
52.4527571084978,13.1413244807087,15,de=13 en=1,maigrueen=15,gesellschaft=2 hunger=2 leben=2 ausweg=2 lieber=1,0.0,0
52.4527571084978,13.1486779060797,0,"","","",0.0,0
52.4527571084978,13.1560313261367,0,"","","",0.0,0
52.4527571084978,13.1633847407278,0,"","","",0.0,0
52.4527571084978,13.1707381497013,0,"","","",0.0,0
52.4527571084978,13.1780915529054,0,"","","",0.0,0
52.4527571084978,13.1854449501881,0,"","","",0.0,0
52.4572496458674,12.8986598320549,0,"","","",0.0,0
52.4572496458674,12.9060133476137,0,"","","",0.0,0
52.4572496458674,12.9133668628689,0,"","","",0.0,0
52.4572496458674,12.9207203776686,0,"","","",0.0,0
52.4572496458674,12.928073891861,0,"","","",0.0,0
52.4572496458674,12.9354274052942,0,"","","",0.0,0
52.4572496458674,12.9427809178163,0,"","","",0.0,0
52.4572496458674,12.9501344292757,0,"","","",0.0,0
52.4572496458674,12.9574879395204,0,"","","",0.0,0
52.4572496458674,12.9648414483986,0,"","","",0.0,0
52.4572496458674,12.9721949557584,0,"","","",0.0,0
52.4572496458674,12.9795484614481,0,"","","",0.0,0
52.4572496458674,12.9869019653158,0,"","","",0.0,0
52.4572496458674,12.9942554672097,0,"","","",0.0,0
52.4572496458674,13.0016089669779,0,"","","",0.0,0
52.4572496458674,13.0089624644686,0,"","","",0.0,0
52.4572496458674,13.01631595953,0,"","","",0.0,0
52.4572496458674,13.0236694520102,0,"","","",0.0,0
52.4572496458674,13.0310229417575,0,"","","",0.0,0
52.4572496458674,13.0383764286199,0,"","","",0.0,0
52.4572496458674,13.0457299124457,0,"","","",0.0,0
52.4572496458674,13.053083393083,0,"","","",0.0,0
52.4572496458674,13.06043687038,0,"","","",0.0,0
52.4572496458674,13.0677903441849,0,"","","",0.0,0
52.4572496458674,13.0751438143459,0,"","","",0.0,0
52.4572496458674,13.082497280711,0,"","","",0.0,0
52.4572496458674,13.0898507431286,0,"","","",0.0,0
52.4572496458674,13.0972042014467,0,"","","",0.0,0
52.4572496458674,13.1045576555135,0,"","","",0.0,0
52.4572496458674,13.1119111051773,0,"","","",0.0,0
52.4572496458674,13.1192645502862,0,"","","",0.0,0
52.4572496458674,13.1266179906883,0,"","","",0.0,0
52.4572496458674,13.1339714262319,0,"","","",0.0,0
52.4572496458674,13.1413248567651,0,"","","",0.0,0
52.4572496458674,13.1486782821361,0,"","","",0.0,0
52.4572496458674,13.1560317021931,0,"","","",0.0,0
52.4572496458674,13.1633851167842,0,"","","",0.0,0
52.4572496458674,13.1707385257577,0,"","","",0.0,0
52.4572496458674,13.1780919289618,0,"","","",0.0,0
52.4572496458674,13.1854453262445,0,"","","",0.0,0
52.4617421832573,12.898660208244,0,"","","",0.0,0
52.4617421832573,12.9060137238028,0,"","","",0.0,0
52.4617421832573,12.913367239058,0,"","","",0.0,0
52.4617421832573,12.9207207538577,0,"","","",0.0,0
52.4617421832573,12.9280742680501,0,"","","",0.0,0
52.4617421832573,12.9354277814833,0,"","","",0.0,0
52.4617421832573,12.9427812940054,0,"","","",0.0,0
52.4617421832573,12.9501348054648,0,"","","",0.0,0
52.4617421832573,12.9574883157095,0,"","","",0.0,0
52.4617421832573,12.9648418245877,0,"","","",0.0,0
52.4617421832573,12.9721953319475,0,"","","",0.0,0
52.4617421832573,12.9795488376372,0,"","","",0.0,0
52.4617421832573,12.9869023415049,0,"","","",0.0,0
52.4617421832573,12.9942558433988,0,"","","",0.0,0
52.4617421832573,13.001609343167,0,"","","",0.0,0
52.4617421832573,13.0089628406577,0,"","","",0.0,0
52.4617421832573,13.0163163357191,9,de=4 id=1 it=1 es=1 fi=1 zh=1,IDFWoman=2 AndyStyle96=2 DerRostocker=1 zinduKhujista=1 AlessioVr46=1 doc_schneider=1 Eachoneispecial=1,che=2 meeresspiegel=1 markt=1 eso♥=1 ancora=1,0.0,0
52.4617421832573,13.0236698281993,0,"","","",0.0,0
52.4617421832573,13.0310233179466,0,"","","",0.0,0
52.4617421832573,13.038376804809,0,"","","",0.0,0
52.4617421832573,13.0457302886348,0,"","","",0.0,0
52.4617421832573,13.0530837692721,0,"","","",0.0,0
52.4617421832573,13.0604372465691,0,"","","",0.0,0
52.4617421832573,13.067790720374,0,"","","",0.0,0
52.4617421832573,13.075144190535,0,"","","",0.0,0
52.4617421832573,13.0824976569001,0,"","","",0.0,0
52.4617421832573,13.0898511193177,0,"","","",0.0,0
52.4617421832573,13.0972045776358,0,"","","",0.0,0
52.4617421832573,13.1045580317026,0,"","","",0.0,0
52.4617421832573,13.1119114813664,0,"","","",0.0,0
52.4617421832573,13.1192649264753,0,"","","",0.0,0
52.4617421832573,13.1266183668774,0,"","","",0.0,0
52.4617421832573,13.133971802421,0,"","","",0.0,0
52.4617421832573,13.1413252329542,0,"","","",0.0,0
52.4617421832573,13.1486786583252,0,"","","",0.0,0
52.4617421832573,13.1560320783822,1,de=1,maigrueen=1,aufzuregen=1 leistung=1 bändchen=1 vip=1 ne=1,0.0,0
52.4617421832573,13.1633854929733,0,"","","",0.0,0
52.4617421832573,13.1707389019469,0,"","","",0.0,0
52.4617421832573,13.1780923051509,0,"","","",0.0,0
52.4617421832573,13.1854457024336,0,"","","",0.0,0
52.4662347206066,12.8986605844659,0,"","","",0.0,0
52.4662347206066,12.9060141000248,0,"","","",0.0,0
52.4662347206066,12.91336761528,0,"","","",0.0,0
52.4662347206066,12.9207211300797,0,"","","",0.0,0
52.4662347206066,12.928074644272,0,"","","",0.0,0
52.4662347206066,12.9354281577052,0,"","","",0.0,0
52.4662347206066,12.9427816702274,0,"","","",0.0,0
52.4662347206066,12.9501351816868,0,"","","",0.0,0
52.4662347206066,12.9574886919315,0,"","","",0.0,0
52.4662347206066,12.9648422008096,0,"","","",0.0,0
52.4662347206066,12.9721957081695,0,"","","",0.0,0
52.4662347206066,12.9795492138592,0,"","","",0.0,0
52.4662347206066,12.9869027177269,0,"","","",0.0,0
52.4662347206066,12.9942562196207,0,"","","",0.0,0
52.4662347206066,13.0016097193889,0,"","","",0.0,0
52.4662347206066,13.0089632168797,0,"","","",0.0,0
52.4662347206066,13.016316711941,0,"","","",0.0,0
52.4662347206066,13.0236702044213,0,"","","",0.0,0
52.4662347206066,13.0310236941685,0,"","","",0.0,0
52.4662347206066,13.038377181031,0,"","","",0.0,0
52.4662347206066,13.0457306648568,0,"","","",0.0,0
52.4662347206066,13.0530841454941,0,"","","",0.0,0
52.4662347206066,13.0604376227911,0,"","","",0.0,0
52.4662347206066,13.067791096596,0,"","","",0.0,0
52.4662347206066,13.0751445667569,0,"","","",0.0,0
52.4662347206066,13.0824980331221,0,"","","",0.0,0
52.4662347206066,13.0898514955396,0,"","","",0.0,0
52.4662347206066,13.0972049538578,0,"","","",0.0,0
52.4662347206066,13.1045584079246,0,"","","",0.0,0
52.4662347206066,13.1119118575884,0,"","","",0.0,0
52.4662347206066,13.1192653026972,0,"","","",0.0,0
52.4662347206066,13.1266187430994,1,de=1,maigrueen=1,heißt=1,0.0,0
52.4662347206066,13.133972178643,0,"","","",0.0,0
52.4662347206066,13.1413256091762,1,"",xxlhonk=1,training=1 gatow=1 ev=1 golf=1 berliner=1,0.0,0
52.4662347206066,13.1486790345472,0,"","","",0.0,0
52.4662347206066,13.1560324546042,0,"","","",0.0,0
52.4662347206066,13.1633858691953,1,de=1,maigrueen=1,mutter=1 alter=1,0.0,0
52.4662347206066,13.1707392781688,0,"","","",0.0,0
52.4662347206066,13.1780926813729,0,"","","",0.0,0
52.4662347206066,13.1854460786556,0,"","","",0.0,0
52.4707272579763,12.8986609608207,0,"","","",0.0,0
52.4707272579763,12.9060144763795,0,"","","",0.0,0
52.4707272579763,12.9133679916347,0,"","","",0.0,0
52.4707272579763,12.9207215064344,0,"","","",0.0,0
52.4707272579763,12.9280750206268,0,"","","",0.0,0
52.4707272579763,12.93542853406,0,"","","",0.0,0
52.4707272579763,12.9427820465822,0,"","","",0.0,0
52.4707272579763,12.9501355580415,0,"","","",0.0,0
52.4707272579763,12.9574890682862,0,"","","",0.0,0
52.4707272579763,12.9648425771644,0,"","","",0.0,0
52.4707272579763,12.9721960845242,0,"","","",0.0,0
52.4707272579763,12.9795495902139,0,"","","",0.0,0
52.4707272579763,12.9869030940816,0,"","","",0.0,0
52.4707272579763,12.9942565959755,0,"","","",0.0,0
52.4707272579763,13.0016100957437,0,"","","",0.0,0
52.4707272579763,13.0089635932344,0,"","","",0.0,0
52.4707272579763,13.0163170882958,0,"","","",0.0,0
52.4707272579763,13.023670580776,0,"","","",0.0,0
52.4707272579763,13.0310240705233,0,"","","",0.0,0
52.4707272579763,13.0383775573857,0,"","","",0.0,0
52.4707272579763,13.0457310412115,0,"","","",0.0,0
52.4707272579763,13.0530845218488,0,"","","",0.0,0
52.4707272579763,13.0604379991458,0,"","","",0.0,0
52.4707272579763,13.0677914729507,0,"","","",0.0,0
52.4707272579763,13.0751449431117,0,"","","",0.0,0
52.4707272579763,13.0824984094768,0,"","","",0.0,0
52.4707272579763,13.0898518718944,0,"","","",0.0,0
52.4707272579763,13.0972053302125,0,"","","",0.0,0
52.4707272579763,13.1045587842793,0,"","","",0.0,0
52.4707272579763,13.1119122339431,0,"","","",0.0,0
52.4707272579763,13.119265679052,0,"","","",0.0,0
52.4707272579763,13.1266191194541,0,"","","",0.0,0
52.4707272579763,13.1339725549977,0,"","","",0.0,0
52.4707272579763,13.1413259855309,0,"","","",0.0,0
52.4707272579763,13.1486794109019,0,"","","",0.0,0
52.4707272579763,13.1560328309589,0,"","","",0.0,0
52.4707272579763,13.1633862455501,0,"","","",0.0,0
52.4707272579763,13.1707396545236,0,"","","",0.0,0
52.4707272579763,13.1780930577276,0,"","","",0.0,0
52.4707272579763,13.1854464550103,0,"","","",0.0,0
52.4752197953459,12.8986613372749,0,"","","",0.0,0
52.4752197953459,12.9060148528338,0,"","","",0.0,0
52.4752197953459,12.913368368089,0,"","","",0.0,0
52.4752197953459,12.9207218828887,0,"","","",0.0,0
52.4752197953459,12.928075397081,0,"","","",0.0,0
52.4752197953459,12.9354289105142,0,"","","",0.0,0
52.4752197953459,12.9427824230364,0,"","","",0.0,0
52.4752197953459,12.9501359344958,0,"","","",0.0,0
52.4752197953459,12.9574894447405,0,"","","",0.0,0
52.4752197953459,12.9648429536186,0,"","","",0.0,0
52.4752197953459,12.9721964609785,0,"","","",0.0,0
52.4752197953459,12.9795499666682,0,"","","",0.0,0
52.4752197953459,12.9869034705359,1,"",AlexPi10=1,nice=1,0.0,0
52.4752197953459,12.9942569724297,0,"","","",0.0,0
52.4752197953459,13.0016104721979,0,"","","",0.0,0
52.4752197953459,13.0089639696887,3,de=3,bubu1376=2 Nils_Lange=1,früh=1 dann⚽⚽⚽=1 hoch=1 drlange=1 homeoffice=1,0.0,0
52.4752197953459,13.01631746475,1,de=1,kingsley1976=1,wissen=1 zweite=1 egal=1 moin=1 ruhig=1,0.0,0
52.4752197953459,13.0236709572303,0,"","","",0.0,0
52.4752197953459,13.0310244469775,0,"","","",0.0,0
52.4752197953459,13.03837793384,0,"","","",0.0,0
52.4752197953459,13.0457314176658,0,"","","",0.0,0
52.4752197953459,13.0530848983031,0,"","","",0.0,0
52.4752197953459,13.0604383756001,0,"","","",0.0,0
52.4752197953459,13.067791849405,0,"","","",0.0,0
52.4752197953459,13.0751453195659,0,"","","",0.0,0
52.4752197953459,13.0824987859311,0,"","","",0.0,0
52.4752197953459,13.0898522483486,0,"","","",0.0,0
52.4752197953459,13.0972057066668,0,"","","",0.0,0
52.4752197953459,13.1045591607336,0,"","","",0.0,0
52.4752197953459,13.1119126103974,0,"","","",0.0,0
52.4752197953459,13.1192660555062,0,"","","",0.0,0
52.4752197953459,13.1266194959084,0,"","","",0.0,0
52.4752197953459,13.133972931452,0,"","","",0.0,0
52.4752197953459,13.1413263619852,0,"","","",0.0,0
52.4752197953459,13.1486797873562,0,"","","",0.0,0
52.4752197953459,13.1560332074132,0,"","","",0.0,0
52.4752197953459,13.1633866220043,0,"","","",0.0,0
52.4752197953459,13.1707400309778,0,"","","",0.0,0
52.4752197953459,13.1780934341819,0,"","","",0.0,0
52.4752197953459,13.1854468314646,0,"","","",0.0,0
52.4797123327155,12.8986617138287,0,"","","",0.0,0
52.4797123327155,12.9060152293876,0,"","","",0.0,0
52.4797123327155,12.9133687446428,0,"","","",0.0,0
52.4797123327155,12.9207222594425,0,"","","",0.0,0
52.4797123327155,12.9280757736348,0,"","","",0.0,0
52.4797123327155,12.935429287068,0,"","","",0.0,0
52.4797123327155,12.9427827995902,0,"","","",0.0,0
52.4797123327155,12.9501363110496,0,"","","",0.0,0
52.4797123327155,12.9574898212943,0,"","","",0.0,0
52.4797123327155,12.9648433301724,0,"","","",0.0,0
52.4797123327155,12.9721968375323,0,"","","",0.0,0
52.4797123327155,12.979550343222,0,"","","",0.0,0
52.4797123327155,12.9869038470897,0,"","","",0.0,0
52.4797123327155,12.9942573489835,0,"","","",0.0,0
52.4797123327155,13.0016108487518,0,"","","",0.0,0
52.4797123327155,13.0089643462425,0,"","","",0.0,0
52.4797123327155,13.0163178413038,0,"","","",0.0,0
52.4797123327155,13.0236713337841,0,"","","",0.0,0
52.4797123327155,13.0310248235313,0,"","","",0.0,0
52.4797123327155,13.0383783103938,0,"","","",0.0,0
52.4797123327155,13.0457317942196,0,"","","",0.0,0
52.4797123327155,13.0530852748569,0,"","","",0.0,0
52.4797123327155,13.0604387521539,0,"","","",0.0,0
52.4797123327155,13.0677922259588,0,"","","",0.0,0
52.4797123327155,13.0751456961197,0,"","","",0.0,0
52.4797123327155,13.0824991624849,0,"","","",0.0,0
52.4797123327155,13.0898526249025,0,"","","",0.0,0
52.4797123327155,13.0972060832206,0,"","","",0.0,0
52.4797123327155,13.1045595372874,0,"","","",0.0,0
52.4797123327155,13.1119129869512,0,"","","",0.0,0
52.4797123327155,13.1192664320601,0,"","","",0.0,0
52.4797123327155,13.1266198724622,0,"","","",0.0,0
52.4797123327155,13.1339733080058,0,"","","",0.0,0
52.4797123327155,13.141326738539,0,"","","",0.0,0
52.4797123327155,13.14868016391,0,"","","",0.0,0
52.4797123327155,13.156033583967,0,"","","",0.0,0
52.4797123327155,13.1633869985581,0,"","","",0.0,0
52.4797123327155,13.1707404075316,0,"","","",0.0,0
52.4797123327155,13.1780938107357,0,"","","",0.0,0
52.4797123327155,13.1854472080184,0,"","","",0.0,0
52.4842048700851,12.8986620904821,0,"","","",0.0,0
52.4842048700851,12.906015606041,0,"","","",0.0,0
52.4842048700851,12.9133691212962,0,"","","",0.0,0
52.4842048700851,12.9207226360959,0,"","","",0.0,0
52.4842048700851,12.9280761502882,0,"","","",0.0,0
52.4842048700851,12.9354296637214,0,"","","",0.0,0
52.4842048700851,12.9427831762436,0,"","","",0.0,0
52.4842048700851,12.950136687703,0,"","","",0.0,0
52.4842048700851,12.9574901979477,0,"","","",0.0,0
52.4842048700851,12.9648437068258,0,"","","",0.0,0
52.4842048700851,12.9721972141857,0,"","","",0.0,0
52.4842048700851,12.9795507198754,0,"","","",0.0,0
52.4842048700851,12.9869042237431,0,"","","",0.0,0
52.4842048700851,12.9942577256369,0,"","","",0.0,0
52.4842048700851,13.0016112254051,0,"","","",0.0,0
52.4842048700851,13.0089647228959,0,"","","",0.0,0
52.4842048700851,13.0163182179572,0,"","","",0.0,0
52.4842048700851,13.0236717104375,0,"","","",0.0,0
52.4842048700851,13.0310252001847,0,"","","",0.0,0
52.4842048700851,13.0383786870472,0,"","","",0.0,0
52.4842048700851,13.045732170873,0,"","","",0.0,0
52.4842048700851,13.0530856515103,0,"","","",0.0,0
52.4842048700851,13.0604391288073,0,"","","",0.0,0
52.4842048700851,13.0677926026122,0,"","","",0.0,0
52.4842048700851,13.0751460727731,0,"","","",0.0,0
52.4842048700851,13.0824995391383,0,"","","",0.0,0
52.4842048700851,13.0898530015558,0,"","","",0.0,0
52.4842048700851,13.097206459874,0,"","","",0.0,0
52.4842048700851,13.1045599139408,0,"","","",0.0,0
52.4842048700851,13.1119133636046,0,"","","",0.0,0
52.4842048700851,13.1192668087134,0,"","","",0.0,0
52.4842048700851,13.1266202491156,0,"","","",0.0,0
52.4842048700851,13.1339736846592,0,"","","",0.0,0
52.4842048700851,13.1413271151924,0,"","","",0.0,0
52.4842048700851,13.1486805405634,0,"","","",0.0,0
52.4842048700851,13.1560339606204,0,"","","",0.0,0
52.4842048700851,13.1633873752115,0,"","","",0.0,0
52.4842048700851,13.170740784185,0,"","","",0.0,0
52.4842048700851,13.178094187389,0,"","","",0.0,0
52.4842048700851,13.1854475846718,0,"","","",0.0,0
52.4886974074547,12.8986624672352,0,"","","",0.0,0
52.4886974074547,12.906015982794,0,"","","",0.0,0
52.4886974074547,12.9133694980492,0,"","","",0.0,0
52.4886974074547,12.9207230128489,0,"","","",0.0,0
52.4886974074547,12.9280765270413,0,"","","",0.0,0
52.4886974074547,12.9354300404744,0,"","","",0.0,0
52.4886974074547,12.9427835529966,0,"","","",0.0,0
52.4886974074547,12.950137064456,0,"","","",0.0,0
52.4886974074547,12.9574905747007,0,"","","",0.0,0
52.4886974074547,12.9648440835789,0,"","","",0.0,0
52.4886974074547,12.9721975909387,0,"","","",0.0,0
52.4886974074547,12.9795510966284,0,"","","",0.0,0
52.4886974074547,12.9869046004961,0,"","","",0.0,0
52.4886974074547,12.99425810239,0,"","","",0.0,0
52.4886974074547,13.0016116021582,0,"","","",0.0,0
52.4886974074547,13.0089650996489,0,"","","",0.0,0
52.4886974074547,13.0163185947103,0,"","","",0.0,0
52.4886974074547,13.0236720871905,0,"","","",0.0,0
52.4886974074547,13.0310255769377,0,"","","",0.0,0
52.4886974074547,13.0383790638002,0,"","","",0.0,0
52.4886974074547,13.045732547626,0,"","","",0.0,0
52.4886974074547,13.0530860282633,0,"","","",0.0,0
52.4886974074547,13.0604395055603,0,"","","",0.0,0
52.4886974074547,13.0677929793652,0,"","","",0.0,0
52.4886974074547,13.0751464495261,0,"","","",0.0,0
52.4886974074547,13.0824999158913,0,"","","",0.0,0
52.4886974074547,13.0898533783089,0,"","","",0.0,0
52.4886974074547,13.097206836627,0,"","","",0.0,0
52.4886974074547,13.1045602906938,0,"","","",0.0,0
52.4886974074547,13.1119137403576,0,"","","",0.0,0
52.4886974074547,13.1192671854665,0,"","","",0.0,0
52.4886974074547,13.1266206258686,0,"","","",0.0,0
52.4886974074547,13.1339740614122,0,"","","",0.0,0
52.4886974074547,13.1413274919454,0,"","","",0.0,0
52.4886974074547,13.1486809173164,0,"","","",0.0,0
52.4886974074547,13.1560343373734,0,"","","",0.0,0
52.4886974074547,13.1633877519645,0,"","","",0.0,0
52.4886974074547,13.170741160938,0,"","","",0.0,0
52.4886974074547,13.1780945641421,0,"","","",0.0,0
52.4886974074547,13.1854479614248,0,"","","",0.0,0
52.4931899448041,12.8986628440545,0,"","","",0.0,0
52.4931899448041,12.9060163596134,0,"","","",0.0,0
52.4931899448041,12.9133698748686,0,"","","",0.0,0
52.4931899448041,12.9207233896683,0,"","","",0.0,0
52.4931899448041,12.9280769038606,0,"","","",0.0,0
52.4931899448041,12.9354304172938,0,"","","",0.0,0
52.4931899448041,12.942783929816,0,"","","",0.0,0
52.4931899448041,12.9501374412753,0,"","","",0.0,0
52.4931899448041,12.95749095152,0,"","","",0.0,0
52.4931899448041,12.9648444603982,0,"","","",0.0,0
52.4931899448041,12.9721979677581,0,"","","",0.0,0
52.4931899448041,12.9795514734478,0,"","","",0.0,0
52.4931899448041,12.9869049773154,0,"","","",0.0,0
52.4931899448041,12.9942584792093,0,"","","",0.0,0
52.4931899448041,13.0016119789775,0,"","","",0.0,0
52.4931899448041,13.0089654764682,0,"","","",0.0,0
52.4931899448041,13.0163189715296,0,"","","",0.0,0
52.4931899448041,13.0236724640098,0,"","","",0.0,0
52.4931899448041,13.0310259537571,0,"","","",0.0,0
52.4931899448041,13.0383794406195,0,"","","",0.0,0
52.4931899448041,13.0457329244453,0,"","","",0.0,0
52.4931899448041,13.0530864050826,0,"","","",0.0,0
52.4931899448041,13.0604398823797,0,"","","",0.0,0
52.4931899448041,13.0677933561846,0,"","","",0.0,0
52.4931899448041,13.0751468263455,0,"","","",0.0,0
52.4931899448041,13.0825002927107,0,"","","",0.0,0
52.4931899448041,13.0898537551282,0,"","","",0.0,0
52.4931899448041,13.0972072134463,0,"","","",0.0,0
52.4931899448041,13.1045606675132,0,"","","",0.0,0
52.4931899448041,13.1119141171769,0,"","","",0.0,0
52.4931899448041,13.1192675622858,0,"","","",0.0,0
52.4931899448041,13.1266210026879,0,"","","",0.0,0
52.4931899448041,13.1339744382315,0,"","","",0.0,0
52.4931899448041,13.1413278687647,0,"","","",0.0,0
52.4931899448041,13.1486812941357,0,"","","",0.0,0
52.4931899448041,13.1560347141927,0,"","","",0.0,0
52.4931899448041,13.1633881287839,0,"","","",0.0,0
52.4931899448041,13.1707415377574,0,"","","",0.0,0
52.4931899448041,13.1780949409614,0,"","","",0.0,0
52.4931899448041,13.1854483382442,0,"","","",0.0,0
52.4976824821939,12.8986632210402,0,"","","",0.0,0
52.4976824821939,12.906016736599,0,"","","",0.0,0
52.4976824821939,12.9133702518542,0,"","","",0.0,0
52.4976824821939,12.9207237666539,0,"","","",0.0,0
52.4976824821939,12.9280772808463,0,"","","",0.0,0
52.4976824821939,12.9354307942795,0,"","","",0.0,0
52.4976824821939,12.9427843068017,0,"","","",0.0,0
52.4976824821939,12.950137818261,0,"","","",0.0,0
52.4976824821939,12.9574913285057,0,"","","",0.0,0
52.4976824821939,12.9648448373839,0,"","","",0.0,0
52.4976824821939,12.9721983447437,0,"","","",0.0,0
52.4976824821939,12.9795518504334,0,"","","",0.0,0
52.4976824821939,12.9869053543011,0,"","","",0.0,0
52.4976824821939,12.994258856195,0,"","","",0.0,0
52.4976824821939,13.0016123559632,0,"","","",0.0,0
52.4976824821939,13.0089658534539,0,"","","",0.0,0
52.4976824821939,13.0163193485153,0,"","","",0.0,0
52.4976824821939,13.0236728409955,0,"","","",0.0,0
52.4976824821939,13.0310263307428,0,"","","",0.0,0
52.4976824821939,13.0383798176052,0,"","","",0.0,0
52.4976824821939,13.045733301431,0,"","","",0.0,0
52.4976824821939,13.0530867820683,0,"","","",0.0,0
52.4976824821939,13.0604402593653,0,"","","",0.0,0
52.4976824821939,13.0677937331702,0,"","","",0.0,0
52.4976824821939,13.0751472033312,0,"","","",0.0,0
52.4976824821939,13.0825006696963,0,"","","",0.0,0
52.4976824821939,13.0898541321139,0,"","","",0.0,0
52.4976824821939,13.097207590432,0,"","","",0.0,0
52.4976824821939,13.1045610444989,0,"","","",0.0,0
52.4976824821939,13.1119144941626,0,"","","",0.0,0
52.4976824821939,13.1192679392715,0,"","","",0.0,0
52.4976824821939,13.1266213796736,0,"","","",0.0,0
52.4976824821939,13.1339748152172,0,"","","",0.0,0
52.4976824821939,13.1413282457504,0,"","","",0.0,0
52.4976824821939,13.1486816711214,0,"","","",0.0,0
52.4976824821939,13.1560350911784,0,"","","",0.0,0
52.4976824821939,13.1633885057696,0,"","","",0.0,0
52.4976824821939,13.1707419147431,0,"","","",0.0,0
52.4976824821939,13.1780953179471,0,"","","",0.0,0
52.4976824821939,13.1854487152298,0,"","","",0.0,0
52.5021750195635,12.8986635980923,0,"","","",0.0,0
52.5021750195635,12.9060171136511,0,"","","",0.0,0
52.5021750195635,12.9133706289063,0,"","","",0.0,0
52.5021750195635,12.920724143706,0,"","","",0.0,0
52.5021750195635,12.9280776578984,0,"","","",0.0,0
52.5021750195635,12.9354311713316,0,"","","",0.0,0
52.5021750195635,12.9427846838537,0,"","","",0.0,0
52.5021750195635,12.9501381953131,0,"","","",0.0,0
52.5021750195635,12.9574917055578,0,"","","",0.0,0
52.5021750195635,12.964845214436,0,"","","",0.0,0
52.5021750195635,12.9721987217958,0,"","","",0.0,0
52.5021750195635,12.9795522274855,0,"","","",0.0,0
52.5021750195635,12.9869057313532,0,"","","",0.0,0
52.5021750195635,12.9942592332471,0,"","","",0.0,0
52.5021750195635,13.0016127330153,0,"","","",0.0,0
52.5021750195635,13.008966230506,0,"","","",0.0,0
52.5021750195635,13.0163197255674,0,"","","",0.0,0
52.5021750195635,13.0236732180476,0,"","","",0.0,0
52.5021750195635,13.0310267077949,0,"","","",0.0,0
52.5021750195635,13.0383801946573,0,"","","",0.0,0
52.5021750195635,13.0457336784831,0,"","","",0.0,0
52.5021750195635,13.0530871591204,0,"","","",0.0,0
52.5021750195635,13.0604406364174,0,"","","",0.0,0
52.5021750195635,13.0677941102223,0,"","","",0.0,0
52.5021750195635,13.0751475803833,0,"","","",0.0,0
52.5021750195635,13.0825010467484,0,"","","",0.0,0
52.5021750195635,13.089854509166,0,"","","",0.0,0
52.5021750195635,13.0972079674841,0,"","","",0.0,0
52.5021750195635,13.1045614215509,0,"","","",0.0,0
52.5021750195635,13.1119148712147,0,"","","",0.0,0
52.5021750195635,13.1192683163236,0,"","","",0.0,0
52.5021750195635,13.1266217567257,0,"","","",0.0,0
52.5021750195635,13.1339751922693,0,"","","",0.0,0
52.5021750195635,13.1413286228025,0,"","","",0.0,0
52.5021750195635,13.1486820481735,0,"","","",0.0,0
52.5021750195635,13.1560354682305,0,"","","",0.0,0
52.5021750195635,13.1633888828216,0,"","","",0.0,0
52.5021750195635,13.1707422917951,0,"","","",0.0,0
52.5021750195635,13.1780956949992,0,"","","",0.0,0
52.5021750195635,13.1854490922819,0,"","","",0.0,0
52.5066675569331,12.8986639752441,0,"","","",0.0,0
52.5066675569331,12.906017490803,0,"","","",0.0,0
52.5066675569331,12.9133710060582,0,"","","",0.0,0
52.5066675569331,12.9207245208579,0,"","","",0.0,0
52.5066675569331,12.9280780350502,0,"","","",0.0,0
52.5066675569331,12.9354315484834,0,"","","",0.0,0
52.5066675569331,12.9427850610056,0,"","","",0.0,0
52.5066675569331,12.9501385724649,0,"","","",0.0,0
52.5066675569331,12.9574920827096,0,"","","",0.0,0
52.5066675569331,12.9648455915878,0,"","","",0.0,0
52.5066675569331,12.9721990989477,0,"","","",0.0,0
52.5066675569331,12.9795526046374,0,"","","",0.0,0
52.5066675569331,12.9869061085051,0,"","","",0.0,0
52.5066675569331,12.9942596103989,0,"","","",0.0,0
52.5066675569331,13.0016131101671,0,"","","",0.0,0
52.5066675569331,13.0089666076578,0,"","","",0.0,0
52.5066675569331,13.0163201027192,0,"","","",0.0,0
52.5066675569331,13.0236735951994,0,"","","",0.0,0
52.5066675569331,13.0310270849467,0,"","","",0.0,0
52.5066675569331,13.0383805718091,0,"","","",0.0,0
52.5066675569331,13.0457340556349,0,"","","",0.0,0
52.5066675569331,13.0530875362723,0,"","","",0.0,0
52.5066675569331,13.0604410135693,0,"","","",0.0,0
52.5066675569331,13.0677944873742,0,"","","",0.0,0
52.5066675569331,13.0751479575351,2,de=2,J_Beer94=2,einfach=1 aktivitäten=1 reib=1 irgendwelche=1 optisch=1,0.0,0
52.5066675569331,13.0825014239003,0,"","","",0.0,0
52.5066675569331,13.0898548863178,0,"","","",0.0,0
52.5066675569331,13.0972083446359,0,"","","",0.0,0
52.5066675569331,13.1045617987028,0,"","","",0.0,0
52.5066675569331,13.1119152483666,0,"","","",0.0,0
52.5066675569331,13.1192686934754,0,"","","",0.0,0
52.5066675569331,13.1266221338776,0,"","","",0.0,0
52.5066675569331,13.1339755694211,0,"","","",0.0,0
52.5066675569331,13.1413289999543,0,"","","",0.0,0
52.5066675569331,13.1486824253253,0,"","","",0.0,0
52.5066675569331,13.1560358453823,0,"","","",0.0,0
52.5066675569331,13.1633892599735,0,"","","",0.0,0
52.5066675569331,13.170742668947,0,"","","",0.0,0
52.5066675569331,13.178096072151,0,"","","",0.0,0
52.5066675569331,13.1854494694338,0,"","","",0.0,0
52.5111600943027,12.8986643524958,0,"","","",0.0,0
52.5111600943027,12.9060178680546,0,"","","",0.0,0
52.5111600943027,12.9133713833098,0,"","","",0.0,0
52.5111600943027,12.9207248981095,0,"","","",0.0,0
52.5111600943027,12.9280784123019,0,"","","",0.0,0
52.5111600943027,12.9354319257351,0,"","","",0.0,0
52.5111600943027,12.9427854382572,0,"","","",0.0,0
52.5111600943027,12.9501389497166,0,"","","",0.0,0
52.5111600943027,12.9574924599613,0,"","","",0.0,0
52.5111600943027,12.9648459688395,0,"","","",0.0,0
52.5111600943027,12.9721994761993,0,"","","",0.0,0
52.5111600943027,12.979552981889,0,"","","",0.0,0
52.5111600943027,12.9869064857567,0,"","","",0.0,0
52.5111600943027,12.9942599876506,0,"","","",0.0,0
52.5111600943027,13.0016134874188,0,"","","",0.0,0
52.5111600943027,13.0089669849095,0,"","","",0.0,0
52.5111600943027,13.0163204799709,0,"","","",0.0,0
52.5111600943027,13.0236739724511,0,"","","",0.0,0
52.5111600943027,13.0310274621983,0,"","","",0.0,0
52.5111600943027,13.0383809490608,0,"","","",0.0,0
52.5111600943027,13.0457344328866,0,"","","",0.0,0
52.5111600943027,13.0530879135239,0,"","","",0.0,0
52.5111600943027,13.0604413908209,0,"","","",0.0,0
52.5111600943027,13.0677948646258,0,"","","",0.0,0
52.5111600943027,13.0751483347868,0,"","","",0.0,0
52.5111600943027,13.0825018011519,0,"","","",0.0,0
52.5111600943027,13.0898552635695,0,"","","",0.0,0
52.5111600943027,13.0972087218876,0,"","","",0.0,0
52.5111600943027,13.1045621759544,0,"","","",0.0,0
52.5111600943027,13.1119156256182,0,"","","",0.0,0
52.5111600943027,13.1192690707271,0,"","","",0.0,0
52.5111600943027,13.1266225111292,0,"","","",0.0,0
52.5111600943027,13.1339759466728,0,"","","",0.0,0
52.5111600943027,13.141329377206,0,"","","",0.0,0
52.5111600943027,13.148682802577,0,"","","",0.0,0
52.5111600943027,13.156036222634,0,"","","",0.0,0
52.5111600943027,13.1633896372251,0,"","","",0.0,0
52.5111600943027,13.1707430461986,1,de=1,maigrueen=1,richtig=1 schreib=1,0.0,0
52.5111600943027,13.1780964494027,0,"","","",0.0,0
52.5111600943027,13.1854498466854,0,"","","",0.0,0
52.5156526316926,12.8986647298806,0,"","","",0.0,0
52.5156526316926,12.9060182454394,0,"","","",0.0,0
52.5156526316926,12.9133717606946,0,"","","",0.0,0
52.5156526316926,12.9207252754943,0,"","","",0.0,0
52.5156526316926,12.9280787896867,0,"","","",0.0,0
52.5156526316926,12.9354323031199,0,"","","",0.0,0
52.5156526316926,12.942785815642,0,"","","",0.0,0
52.5156526316926,12.9501393271014,0,"","","",0.0,0
52.5156526316926,12.9574928373461,0,"","","",0.0,0
52.5156526316926,12.9648463462243,0,"","","",0.0,0
52.5156526316926,12.9721998535841,0,"","","",0.0,0
52.5156526316926,12.9795533592738,0,"","","",0.0,0
52.5156526316926,12.9869068631415,0,"","","",0.0,0
52.5156526316926,12.9942603650354,0,"","","",0.0,0
52.5156526316926,13.0016138648036,0,"","","",0.0,0
52.5156526316926,13.0089673622943,0,"","","",0.0,0
52.5156526316926,13.0163208573557,0,"","","",0.0,0
52.5156526316926,13.0236743498359,0,"","","",0.0,0
52.5156526316926,13.0310278395832,0,"","","",0.0,0
52.5156526316926,13.0383813264456,0,"","","",0.0,0
52.5156526316926,13.0457348102714,0,"","","",0.0,0
52.5156526316926,13.0530882909087,0,"","","",0.0,0
52.5156526316926,13.0604417682057,0,"","","",0.0,0
52.5156526316926,13.0677952420106,0,"","","",0.0,0
52.5156526316926,13.0751487121716,0,"","","",0.0,0
52.5156526316926,13.0825021785367,0,"","","",0.0,0
52.5156526316926,13.0898556409543,0,"","","",0.0,0
52.5156526316926,13.0972090992724,0,"","","",0.0,0
52.5156526316926,13.1045625533392,0,"","","",0.0,0
52.5156526316926,13.111916003003,0,"","","",0.0,0
52.5156526316926,13.1192694481119,0,"","","",0.0,0
52.5156526316926,13.126622888514,0,"","","",0.0,0
52.5156526316926,13.1339763240576,0,"","","",0.0,0
52.5156526316926,13.1413297545908,0,"","","",0.0,0
52.5156526316926,13.1486831799618,0,"","","",0.0,0
52.5156526316926,13.1560366000188,0,"","","",0.0,0
52.5156526316926,13.1633900146099,0,"","","",0.0,0
52.5156526316926,13.1707434235834,0,"","","",0.0,0
52.5156526316926,13.1780968267875,0,"","","",0.0,0
52.5156526316926,13.1854502240702,0,"","","",0.0,0
52.5201451690217,12.8986651072653,0,"","","",0.0,0
52.5201451690217,12.9060186228241,0,"","","",0.0,0
52.5201451690217,12.9133721380793,0,"","","",0.0,0
52.5201451690217,12.920725652879,0,"","","",0.0,0
52.5201451690217,12.9280791670713,0,"","","",0.0,0
52.5201451690217,12.9354326805045,0,"","","",0.0,0
52.5201451690217,12.9427861930267,0,"","","",0.0,0
52.5201451690217,12.9501397044861,0,"","","",0.0,0
52.5201451690217,12.9574932147308,0,"","","",0.0,0
52.5201451690217,12.964846723609,0,"","","",0.0,0
52.5201451690217,12.9722002309688,0,"","","",0.0,0
52.5201451690217,12.9795537366585,0,"","","",0.0,0
52.5201451690217,12.9869072405262,0,"","","",0.0,0
52.5201451690217,12.99426074242,0,"","","",0.0,0
52.5201451690217,13.0016142421883,0,"","","",0.0,0
52.5201451690217,13.008967739679,0,"","","",0.0,0
52.5201451690217,13.0163212347403,0,"","","",0.0,0
52.5201451690217,13.0236747272206,0,"","","",0.0,0
52.5201451690217,13.0310282169678,0,"","","",0.0,0
52.5201451690217,13.0383817038303,0,"","","",0.0,0
52.5201451690217,13.0457351876561,0,"","","",0.0,0
52.5201451690217,13.0530886682934,0,"","","",0.0,0
52.5201451690217,13.0604421455904,0,"","","",0.0,0
52.5201451690217,13.0677956193953,0,"","","",0.0,0
52.5201451690217,13.0751490895562,0,"","","",0.0,0
52.5201451690217,13.0825025559214,0,"","","",0.0,0
52.5201451690217,13.089856018339,0,"","","",0.0,0
52.5201451690217,13.0972094766571,0,"","","",0.0,0
52.5201451690217,13.1045629307239,0,"","","",0.0,0
52.5201451690217,13.1119163803877,0,"","","",0.0,0
52.5201451690217,13.1192698254966,0,"","","",0.0,0
52.5201451690217,13.1266232658987,0,"","","",0.0,0
52.5201451690217,13.1339767014423,0,"","","",0.0,0
52.5201451690217,13.1413301319755,0,"","","",0.0,0
52.5201451690217,13.1486835573465,0,"","","",0.0,0
52.5201451690217,13.1560369774035,0,"","","",0.0,0
52.5201451690217,13.1633903919946,0,"","","",0.0,0
52.5201451690217,13.1707438009681,0,"","","",0.0,0
52.5201451690217,13.1780972041722,0,"","","",0.0,0
52.5201451690217,13.1854506014549,0,"","","",0.0,0
52.5246377064115,12.8986654848498,0,"","","",0.0,0
52.5246377064115,12.9060190004087,0,"","","",0.0,0
52.5246377064115,12.9133725156639,0,"","","",0.0,0
52.5246377064115,12.9207260304636,0,"","","",0.0,0
52.5246377064115,12.9280795446559,0,"","","",0.0,0
52.5246377064115,12.9354330580891,0,"","","",0.0,0
52.5246377064115,12.9427865706113,0,"","","",0.0,0
52.5246377064115,12.9501400820707,0,"","","",0.0,0
52.5246377064115,12.9574935923153,0,"","","",0.0,0
52.5246377064115,12.9648471011935,0,"","","",0.0,0
52.5246377064115,12.9722006085534,0,"","","",0.0,0
52.5246377064115,12.9795541142431,0,"","","",0.0,0
52.5246377064115,12.9869076181108,0,"","","",0.0,0
52.5246377064115,12.9942611200046,0,"","","",0.0,0
52.5246377064115,13.0016146197728,0,"","","",0.0,0
52.5246377064115,13.0089681172635,0,"","","",0.0,0
52.5246377064115,13.0163216123249,0,"","","",0.0,0
52.5246377064115,13.0236751048052,0,"","","",0.0,0
52.5246377064115,13.0310285945524,0,"","","",0.0,0
52.5246377064115,13.0383820814148,0,"","","",0.0,0
52.5246377064115,13.0457355652406,0,"","","",0.0,0
52.5246377064115,13.053089045878,0,"","","",0.0,0
52.5246377064115,13.060442523175,0,"","","",0.0,0
52.5246377064115,13.0677959969799,0,"","","",0.0,0
52.5246377064115,13.0751494671408,0,"","","",0.0,0
52.5246377064115,13.082502933506,0,"","","",0.0,0
52.5246377064115,13.0898563959235,0,"","","",0.0,0
52.5246377064115,13.0972098542416,0,"","","",0.0,0
52.5246377064115,13.1045633083085,0,"","","",0.0,0
52.5246377064115,13.1119167579723,0,"","","",0.0,0
52.5246377064115,13.1192702030811,0,"","","",0.0,0
52.5246377064115,13.1266236434833,0,"","","",0.0,0
52.5246377064115,13.1339770790268,0,"","","",0.0,0
52.5246377064115,13.14133050956,0,"","","",0.0,0
52.5246377064115,13.1486839349311,0,"","","",0.0,0
52.5246377064115,13.156037354988,0,"","","",0.0,0
52.5246377064115,13.1633907695792,0,"","","",0.0,0
52.5246377064115,13.1707441785527,0,"","","",0.0,0
52.5246377064115,13.1780975817567,0,"","","",0.0,0
52.5246377064115,13.1854509790395,0,"","","",0.0,0
